Campaign,Keyword,Criterion Type
Search_MoiTruong_QuangNinh_2026,cách,Broad
Search_MoiTruong_QuangNinh_2026,tự,Broad
Search_MoiTruong_QuangNinh_2026,hướng dẫn,Broad
Search_MoiTruong_QuangNinh_2026,mẹo,Broad
Search_MoiTruong_QuangNinh_2026,kinh nghiệm,Broad
Search_MoiTruong_QuangNinh_2026,tự làm,Broad
Search_MoiTruong_QuangNinh_2026,youtube,Broad
Search_MoiTruong_QuangNinh_2026,video,Broad
Search_MoiTruong_QuangNinh_2026,pdf,Broad
Search_MoiTruong_QuangNinh_2026,wiki,Broad
Search_MoiTruong_QuangNinh_2026,sách,Broad
Search_MoiTruong_QuangNinh_2026,tuyển,Broad
Search_MoiTruong_QuangNinh_2026,tuyển dụng,Broad
Search_MoiTruong_QuangNinh_2026,việc làm,Broad
Search_MoiTruong_QuangNinh_2026,tìm việc,Broad
Search_MoiTruong_QuangNinh_2026,lương,Broad
Search_MoiTruong_QuangNinh_2026,học nghề,Broad
Search_MoiTruong_QuangNinh_2026,đào tạo,Broad
Search_MoiTruong_QuangNinh_2026,máy,Broad
Search_MoiTruong_QuangNinh_2026,mua máy,Broad
Search_MoiTruong_QuangNinh_2026,bán máy,Broad
Search_MoiTruong_QuangNinh_2026,thiết bị,Broad
Search_MoiTruong_QuangNinh_2026,phụ kiện,Broad
Search_MoiTruong_QuangNinh_2026,bột thông cống,Broad
Search_MoiTruong_QuangNinh_2026,thuốc thông bồn cầu,Broad
Search_MoiTruong_QuangNinh_2026,dụng cụ,Broad
Search_MoiTruong_QuangNinh_2026,lò xo,Broad
Search_MoiTruong_QuangNinh_2026,luận văn,Broad
Search_MoiTruong_QuangNinh_2026,đồ án,Broad
Search_MoiTruong_QuangNinh_2026,báo cáo,Broad
Search_MoiTruong_QuangNinh_2026,quy định,Broad
Search_MoiTruong_QuangNinh_2026,mẫu hợp đồng,Broad
Search_MoiTruong_QuangNinh_2026,luật,Broad
