slug,type,id,status,linkCount,hasMarker,finalScoreBeforeLinks,link
"dau-hieu-be-phot-can-hut","posts","215","publish","7","true","100","https://thongtaccongquangninh.com/dau-hieu-be-phot-can-hut/"
"hut-be-phot-bai-chay","pages","436","publish","7","true","100","https://thongtaccongquangninh.com/hut-be-phot-bai-chay/"
"cach-xu-ly-cong-thoat-nuoc-tac","posts","216","publish","7","true","100","https://thongtaccongquangninh.com/cach-xu-ly-cong-thoat-nuoc-tac/"
"bang-gia-hut-be-phot-quang-ninh-2026","posts","217","publish","7","true","100","https://thongtaccongquangninh.com/bang-gia-hut-be-phot-quang-ninh-2026/"
"nao-vet-ho-ga-quang-ninh","pages","38","publish","3","true","100","https://thongtaccongquangninh.com/nao-vet-ho-ga-quang-ninh/"
"xu-ly-mui-hoi-quang-ninh","pages","311","publish","3","true","100","https://thongtaccongquangninh.com/xu-ly-mui-hoi-quang-ninh/"
"thong-tac-cong-quang-ninh","pages","35","publish","7","true","100","https://thongtaccongquangninh.com/thong-tac-cong-quang-ninh/"
"hut-be-phot-ha-long","pages","52","publish","7","true","100","https://thongtaccongquangninh.com/hut-be-phot-ha-long/"
"hut-be-phot-cam-pha","pages","53","publish","7","true","100","https://thongtaccongquangninh.com/hut-be-phot-cam-pha/"
"hut-be-phot-uong-bi","pages","54","publish","7","true","100","https://thongtaccongquangninh.com/hut-be-phot-uong-bi/"
"hut-be-phot-mong-cai","pages","55","publish","7","true","100","https://thongtaccongquangninh.com/hut-be-phot-mong-cai/"
"hut-be-phot-van-don","pages","58","publish","7","true","100","https://thongtaccongquangninh.com/hut-be-phot-van-don/"
"hut-be-phot-hoanh-bo","pages","59","publish","7","true","100","https://thongtaccongquangninh.com/hut-be-phot-hoanh-bo/"
"thong-tac-bon-cau-ha-long","pages","398","publish","7","true","100","https://thongtaccongquangninh.com/thong-tac-bon-cau-ha-long/"
"thong-tac-cong-cam-pha","pages","400","publish","7","true","100","https://thongtaccongquangninh.com/thong-tac-cong-cam-pha/"
"thong-tac-cong-uong-bi","pages","405","publish","7","true","100","https://thongtaccongquangninh.com/thong-tac-cong-uong-bi/"
"thong-tac-cong-quang-yen","pages","424","publish","7","true","100","https://thongtaccongquangninh.com/thong-tac-cong-quang-yen/"
"thong-tac-cong-dong-trieu","pages","425","publish","7","true","100","https://thongtaccongquangninh.com/thong-tac-cong-dong-trieu/"
"thong-tac-cong-mong-cai","pages","426","publish","7","true","100","https://thongtaccongquangninh.com/thong-tac-cong-mong-cai/"
"thong-tac-cong-van-don","pages","427","publish","7","true","100","https://thongtaccongquangninh.com/thong-tac-cong-van-don/"
"thong-tac-bon-cau-van-don","pages","431","publish","7","true","100","https://thongtaccongquangninh.com/thong-tac-bon-cau-van-don/"
"thong-tac-chau-rua-quang-ninh","pages","36","publish","7","true","100","https://thongtaccongquangninh.com/thong-tac-chau-rua-quang-ninh/"
"thong-tac-cong-nha-hang-ha-long","pages","383","publish","7","true","100","https://thongtaccongquangninh.com/thong-tac-cong-nha-hang-ha-long/"
"thong-tac-bon-cau-quang-ninh","pages","37","publish","5","true","100","https://thongtaccongquangninh.com/thong-tac-bon-cau-quang-ninh/"
"hut-be-phot-dong-trieu","pages","56","publish","7","true","100","https://thongtaccongquangninh.com/hut-be-phot-dong-trieu/"
"hut-be-phot-quang-yen","pages","57","publish","7","true","100","https://thongtaccongquangninh.com/hut-be-phot-quang-yen/"
"thong-tac-toilet-quang-ninh","pages","166","publish","5","true","100","https://thongtaccongquangninh.com/thong-tac-toilet-quang-ninh/"
"thong-tac-bon-cau-quang-yen","pages","428","publish","7","true","100","https://thongtaccongquangninh.com/thong-tac-bon-cau-quang-yen/"
"thong-tac-bon-cau-dong-trieu","pages","429","publish","7","true","100","https://thongtaccongquangninh.com/thong-tac-bon-cau-dong-trieu/"
"thong-tac-bon-cau-mong-cai","pages","430","publish","7","true","100","https://thongtaccongquangninh.com/thong-tac-bon-cau-mong-cai/"
"thong-tac-cong-ha-long","pages","296","publish","7","true","100","https://thongtaccongquangninh.com/thong-tac-cong-ha-long/"
"nguyen-nhan-cong-tac-thuong-xuyen-ha-long","pages","386","publish","7","true","100","https://thongtaccongquangninh.com/nguyen-nhan-cong-tac-thuong-xuyen-ha-long/"
"thong-tac-cong-ngo-nho-ha-long","pages","384","publish","7","true","94","https://thongtaccongquangninh.com/thong-tac-cong-ngo-nho-ha-long/"
"thong-tac-cong-chung-cu-ha-long","pages","380","publish","7","true","100","https://thongtaccongquangninh.com/thong-tac-cong-chung-cu-ha-long/"
"hut-be-phot-quang-ninh","pages","26","publish","7","true","100","https://thongtaccongquangninh.com/hut-be-phot-quang-ninh/"
"bang-gia","pages","61","publish","7","true","100","https://thongtaccongquangninh.com/bang-gia/"