id,post_type,rest_base,status,date,modified,slug,link,title,excerpt,source,in_sitemap,is_public,is_local_landing,audit_priority,issues
3,page,pages,draft,2026-03-29T23:27:11,2026-05-10T01:42:43,privacy-policy,https://thongtaccongquangninh.com/?page_id=3,Privacy Policy,"Suggested text: When visitors leave comments on the site we collect the data shown in the comments form, and also the visitor&#8217;s IP address and browser user agent string to help spam detection. A",rest,false,false,false,non-public,
23,page,pages,publish,2026-03-30T10:34:01,2026-06-28T07:46:46,trang-chu,https://thongtaccongquangninh.com/,Thông Tắc Cống Quảng Ninh &#8211; Hút Bể Phốt,"Hút bể phốt, thông tắc cống, bồn cầu, hố ga tại Quảng Ninh. Có mặt 15-30 phút, báo giá trước, không phát sinh. Gọi 0963.953.533 / 0931.156.756.",rest,true,true,false,normal,
25,page,pages,publish,2026-04-04T06:28:08,2026-06-28T07:46:44,blog,https://thongtaccongquangninh.com/blog/,"Dịch vụ hút bể phốt Quảng Ninh: blog xử lý cống, bể phốt, mùi hôi","Blog vệ sinh môi trường Quảng Ninh: hướng dẫn xử lý cống tắc, bể phốt đầy, bồn cầu rút chậm, mùi hôi, hố ga tại nhà. Gọi 0963.953.533 / 0931.156.756 ngay.",rest,true,true,false,normal,
26,page,pages,publish,2026-04-04T13:39:15,2026-06-28T07:46:43,hut-be-phot-quang-ninh,https://thongtaccongquangninh.com/hut-be-phot-quang-ninh/,"Hút Bể Phốt Quảng Ninh – Xe Bồn Hút Sạch, Có Mặt 15 Phút","Dịch vụ hút bể phốt uy tín toàn tỉnh Quảng Ninh. Cam kết không đục phá, bảo hành dài hạn, phục vụ 24/7.",rest,true,true,true,high-local-seo,
33,page,pages,draft,2026-05-10T01:42:33,2026-05-10T01:42:33,,https://thongtaccongquangninh.com/?page_id=33,Elementor #33,,rest,false,false,false,non-public,
35,page,pages,publish,2026-04-04T23:03:15,2026-06-29T03:00:56,thong-tac-cong-quang-ninh,https://thongtaccongquangninh.com/thong-tac-cong-quang-ninh/,"Dịch vụ thông tắc cống Quảng Ninh &#8211; Uy tín, xử lý nhanh","Thông tắc cống Quảng Ninh tại Hạ Long, Cẩm Phả, Uông Bí, Móng Cái. Không đục phá, báo giá trước, bảo hành theo ca. Gọi 0963.953.533 / 0931.156.756.",rest,true,true,true,high-local-seo,
36,page,pages,publish,2026-04-04T23:03:56,2026-06-28T07:46:42,thong-tac-chau-rua-quang-ninh,https://thongtaccongquangninh.com/thong-tac-chau-rua-quang-ninh/,"Thông Tắc Chậu Rửa Quảng Ninh &#8211; Phá Mỡ Sâu, Có Mặt 15 Phút","Xử lý chậu rửa mặt, bồn rửa bát xả nước không trôi, có tiếng kêu ục ục.",rest,true,true,false,normal,
37,page,pages,publish,2026-04-04T23:04:25,2026-06-28T07:46:40,thong-tac-bon-cau-quang-ninh,https://thongtaccongquangninh.com/thong-tac-bon-cau-quang-ninh/,"Thông tắc bồn cầu Quảng Ninh cho nhà dân, nhà hàng, khách sạn","Thông tắc bồn cầu Quảng Ninh cho nhà dân, nhà hàng, khách sạn khi nước rút chậm, trào ngược hoặc có mùi hôi. Gọi 0963.953.533 / 0931.156.756 để kiểm tra sớm.",rest,true,true,true,high-local-seo,
38,page,pages,publish,2026-04-04T23:06:06,2026-06-29T03:20:18,nao-vet-ho-ga-quang-ninh,https://thongtaccongquangninh.com/nao-vet-ho-ga-quang-ninh/,"Nạo Vét Hố Ga Quảng Ninh &#8211; Tránh Ngập Mùa Mưa, Tiếp Nhận 05:00-22:00","Nạo vét hố ga Quảng Ninh – xử lý bùn rác, mùi hôi, thoát nước kém và chống ngập mùa mưa. Xe chuyên dụng, hỗ trợ nhà dân và doanh nghiệp. Gọi 0963.953.533.",rest,true,true,true,high-local-seo,
39,page,pages,draft,2026-04-04T23:06:09,2026-05-10T13:34:04,ve-sinh-duong-ong-quang-ninh,https://thongtaccongquangninh.com/?page_id=39,"Vệ sinh đường ống Quảng Ninh 24/7, xử lý cặn bẩn, báo giá rõ ngay","Vệ sinh đường ống Quảng Ninh 24/7, xử lý cặn bẩn, mùi hôi, dòng thoát yếu, báo giá rõ trước khi làm. Gọi 0963.953.533 / 0931.156.756 để đặt lịch nhanh.",rest,false,false,false,non-public,
52,page,pages,publish,2026-04-04T23:16:30,2026-06-29T02:55:23,hut-be-phot-ha-long,https://thongtaccongquangninh.com/hut-be-phot-ha-long/,"Hút Bể Phốt Hạ Long Giá Rõ Ràng, Có Mặt Nhanh Tại Nhà Dân, Khách Sạn, Homestay","Hút bể phốt Hạ Long cho nhà dân, khách sạn, homestay, nhà hàng tại Bãi Cháy, Hồng Gai, Tuần Châu. Báo giá rõ trước khi làm, xe đến nhanh. Gọi 0963.953.533.",rest,true,true,true,high-local-seo,
53,page,pages,publish,2026-04-04T23:16:31,2026-06-17T01:36:25,hut-be-phot-cam-pha,https://thongtaccongquangninh.com/hut-be-phot-cam-pha/,"Hút bể phốt Cẩm Phả: xe bồn vào ngõ, xử lý bể đầy lâu năm","Hút bể phốt Cẩm Phả cho nhà dân, khu mỏ, nhà trọ, ngõ hẹp và bể đầy lâu năm. Gọi 0963.953.533 / 0931.156.756 để xe bồn hỗ trợ nhanh trong ngày, báo giá rõ.",rest,true,true,true,high-local-seo,
54,page,pages,publish,2026-04-04T23:16:32,2026-06-17T01:36:31,hut-be-phot-uong-bi,https://thongtaccongquangninh.com/hut-be-phot-uong-bi/,"Hút bể phốt Uông Bí cho nhà trọ, khu dân cư, cơ sở kinh doanh","Hút bể phốt Uông Bí cho nhà trọ, khu dân cư cũ và cơ sở đông người khi bể đầy, mùi hoặc trào ngược. Gọi 0963.953.533 / 0931.156.756 để đặt lịch kiểm tra sớm.",rest,true,true,true,high-local-seo,
55,page,pages,publish,2026-04-22T03:29:26,2026-06-29T02:59:18,hut-be-phot-mong-cai,https://thongtaccongquangninh.com/hut-be-phot-mong-cai/,"Hút Bể Phốt Móng Cái – Xe Bồn Cửa Khẩu, Tiếp Nhận 05:00-22:00","Hút bể phốt Móng Cái cho nhà dân, khách sạn, khu kinh doanh. Tiếp nhận 05:00-22:00, xe bồn hút sạch, báo giá rõ. Gọi 0963.953.533 / 0931.156.756.",rest,true,true,true,high-local-seo,
56,page,pages,publish,2026-04-22T03:29:25,2026-06-29T02:59:20,hut-be-phot-dong-trieu,https://thongtaccongquangninh.com/hut-be-phot-dong-trieu/,Hút Bể Phốt Đông Triều – Xe Bồn Vào Khu Công Nghiệp,"Hút bể phốt Đông Triều cho nhà dân, trang trại, khu trọ. Tiếp nhận 05:00-22:00, xe bồn vào ngõ sâu, báo giá rõ. Gọi 0963.953.533.",rest,true,true,true,high-local-seo,
57,page,pages,publish,2026-04-22T03:29:24,2026-06-08T01:42:48,hut-be-phot-quang-yen,https://thongtaccongquangninh.com/hut-be-phot-quang-yen/,"Hút bể phốt Quảng Yên: xe bồn cho nhà ven sông, khu công nghiệp","Hút bể phốt Quảng Yên cho nhà dân, nhà xưởng, khu công nghiệp và khu thấp dễ trào ngược. Gọi 0963.953.533 / 0931.156.756 để khảo sát xe bồn, báo giá trước.",rest,true,true,true,high-local-seo,
58,page,pages,publish,2026-04-22T03:29:27,2026-06-29T02:59:21,hut-be-phot-van-don,https://thongtaccongquangninh.com/hut-be-phot-van-don/,"Hút bể phốt Vân Đồn cho homestay, resort, nhà dân ven biển","Hút bể phốt Vân Đồn cho homestay, resort, nhà dân ven biển. Tiếp nhận 05:00-22:00, xe bồn hút sạch, báo giá rõ. Gọi 0963.953.533 / 0931.156.756.",rest,true,true,true,high-local-seo,
59,page,pages,draft,2026-04-04T23:16:37,2026-05-28T14:35:47,hut-be-phot-hoanh-bo,https://thongtaccongquangninh.com/?page_id=59,"Hút bể phốt Hoành Bồ &#8211; Nhà vườn, homestay, xe tải nhẹ vào tận nơi","Hút bể phốt Hoành Bồ 24/7, xe bồn hút sạch, không tràn bẩn, báo giá rõ. Gọi 0963.953.533 / 0931.156.756 để xử lý bể đầy, mùi hôi ngay trong ngày tại nhà.",rest,false,false,false,non-public,
61,page,pages,publish,2026-04-05T06:16:14,2026-06-28T07:46:37,bang-gia,https://thongtaccongquangninh.com/bang-gia/,Bảng giá hút bể phốt thông tắc cống Quảng Ninh 2026,"Bảng giá hút bể phốt, thông tắc cống Quảng Ninh 2026, báo rõ từng hạng mục, không báo giá ảo. Gọi 0963.953.533 / 0931.156.756 để thợ đến nhanh trong ngày.",rest,true,true,false,normal,
62,page,pages,publish,2026-04-05T06:16:15,2026-06-29T03:48:32,gioi-thieu,https://thongtaccongquangninh.com/gioi-thieu/,"Giới thiệu dịch vụ thông tắc cống, hút bể phốt Quảng Ninh","Môi Trường Đô Thị Số 1 Quảng Ninh xử lý hút bể phốt, thông tắc cống, bồn cầu và hố ga dân dụng. Gọi 0963.953.533 / 0931.156.756 để được tư vấn rõ ràng.",rest,true,true,false,normal,
63,page,pages,publish,2026-04-05T06:16:16,2026-06-29T03:48:33,lien-he,https://thongtaccongquangninh.com/lien-he/,"Liên hệ thông tắc cống Quảng Ninh, hút bể phốt","Cần hút bể phốt, thông tắc cống, thông bồn cầu hoặc nạo vét hố ga tại Quảng Ninh? Gọi 0963.953.533 / 0931.156.756 để được hỗ trợ nhanh 24/7 tại nhà ngay.",rest,true,true,false,normal,
64,page,pages,publish,2026-04-05T06:16:17,2026-06-28T07:46:34,chinh-sach-bao-hanh,https://thongtaccongquangninh.com/chinh-sach-bao-hanh/,Chính Sách Bảo Hành Dịch Vụ | Môi Trường Đô Thị Số 1 Quảng Ninh,"Chính sách bảo hành dịch vụ hút bể phốt, thông tắc cống, nạo vét tại Quảng Ninh, ghi rõ điều kiện. Gọi 0963.953.533 / 0931.156.756 để được hỗ trợ nhanh.",rest,true,true,false,normal,
109,post,posts,draft,2026-04-06T19:20:12,2026-05-10T01:39:16,dau-hieu-be-phot-day-can-hut-ngay,https://thongtaccongquangninh.com/?p=109,5 Dấu Hiệu Bể Phốt Đầy Cần Hút Ngay – Đừng Bỏ Qua!,"Bể phốt là bộ phận quan trọng trong hệ thống xử lý nước thải. Nếu không hút định kỳ, bể phốt đầy sẽ gây ra nhiều vấn đề nghiêm trọng. Dưới đây là 5 dấu hiệu nhận biết bể phốt đầy mà bạn cần lưu ý. 1.",rest,false,false,false,non-public,
110,post,posts,draft,2026-04-06T19:20:13,2026-05-10T01:39:06,chi-phi-hut-be-phot-2026-quang-ninh,https://thongtaccongquangninh.com/?p=110,Chi Phí Hút Bể Phốt 2026 – Bảng Giá Mới Nhất Tại Quảng Ninh,"Bạn đang thắc mắc chi phí hút bể phốt bao nhiêu? Bài viết này cung cấp bảng giá chi tiết, cập nhật mới nhất năm 2026 tại Quảng Ninh để bạn tham khảo. Các Yếu Tố Ảnh Hưởng Đến Chi Phí Hút Bể Phốt Dung",rest,false,false,false,non-public,
111,post,posts,draft,2026-04-06T19:20:14,2026-05-10T01:38:54,cach-xu-ly-cong-thoat-nuoc-bi-tac,https://thongtaccongquangninh.com/?p=111,Cách Xử Lý Khi Cống Thoát Nước Bị Tắc Tại Nhà,"Cống thoát nước bị tắc là vấn đề phổ biến trong mọi gia đình. Trước khi gọi thợ, bạn có thể thử một số cách xử lý đơn giản tại nhà. Dưới đây là hướng dẫn chi tiết. Cách 1: Dùng Nước Sôi Phù hợp khi cố",rest,false,false,false,non-public,
215,post,posts,publish,2026-04-08T01:36:38,2026-06-03T12:40:41,dau-hieu-be-phot-can-hut,https://thongtaccongquangninh.com/dau-hieu-be-phot-can-hut/,"Dấu hiệu bể phốt cần hút: mùi hôi, trào ngược, cần xử lý sớm","Dấu hiệu bể phốt cần hút gồm rút chậm, mùi hôi, nước trào ngược. Gọi 0963.953.533 / 0931.156.756 để kiểm tra nguyên nhân và xử lý sớm trước khi bể tràn.",rest,true,true,false,normal,
216,post,posts,publish,2026-04-08T01:36:40,2026-06-03T12:40:16,cach-xu-ly-cong-thoat-nuoc-tac,https://thongtaccongquangninh.com/cach-xu-ly-cong-thoat-nuoc-tac/,Cách xử lý cống thoát nước tắc: kiểm tra nguyên nhân trước khi gọi thợ,"Cống thoát nước tắc cần kiểm tra đúng điểm nghẽn trước khi tự xử lý. Gọi 0963.953.533 / 0931.156.756 để được hướng dẫn và điều thợ khi nước trào, mùi hôi hoặc tắc lặp lại.",rest,true,true,false,normal,
217,post,posts,publish,2026-04-08T01:36:41,2026-06-28T07:47:30,bang-gia-hut-be-phot-quang-ninh,https://thongtaccongquangninh.com/bang-gia-hut-be-phot-quang-ninh/,"Bảng giá hút bể phốt Quảng Ninh: cách tính rõ, gọi nhanh","Bảng giá hút bể phốt Quảng Ninh 2026 tính theo khối lượng bùn, vị trí xe, độ dài ống và mức độ đầy. Gọi 0963.953.533 / 0931.156.756 để báo giá nhanh ngay.",rest,true,true,true,high-local-seo,
282,page,pages,publish,2026-04-09T14:54:49,2026-06-28T07:46:33,chinh-sach-bao-mat,https://thongtaccongquangninh.com/chinh-sach-bao-mat/,Chính Sách Bảo Mật Thông Tin Khách Hàng,"Chính sách bảo mật thông tin khách hàng khi gọi hút bể phốt, thông tắc cống, nạo vét tại Quảng Ninh. Hotline 0963.953.533 / 0931.156.756 hỗ trợ nhanh.",rest,true,true,false,normal,
296,page,pages,publish,2026-04-10T22:29:21,2026-06-29T12:16:31,thong-tac-cong-ha-long,https://thongtaccongquangninh.com/thong-tac-cong-ha-long/,Dịch Vụ Thông Tắc Cống Hạ Long &#8211; Xác Định Đúng Điểm Nghẽn &#038; Xử Lý Triệt Để,"Thông tắc cống Hạ Long: xác định đúng điểm tắc (bếp, hố ga, ống nhánh), xử lý không đục phá. Gọi 0963.953.533 &#8211; Thợ lành nghề, báo giá rõ ràng.",rest,true,true,true,high-local-seo,
311,page,pages,publish,2026-04-13T13:11:09,2026-06-28T07:46:31,xu-ly-mui-hoi-quang-ninh,https://thongtaccongquangninh.com/xu-ly-mui-hoi-quang-ninh/,"Xử Lý Mùi Hôi Quảng Ninh – Tìm Đúng Nguồn Hôi, Hết Hẳn, Có Mặt 15 Phút","Thi công lắp đặt thiết bị chống hôi, bẫy mỡ, xử lý dứt điểm mùi cống trào ngược lên nhà tắm.",rest,true,true,true,high-local-seo,
376,post,posts,draft,2026-04-17T04:04:18,2026-05-20T01:19:48,gia-thong-tac-cong-ha-long,https://thongtaccongquangninh.com/?p=376,"Giá thông tắc cống Hạ Long 24/7, xử lý nhanh trong ngày","Giá thông tắc cống Hạ Long 24/7, kiểm tra đúng nguyên nhân, báo giá rõ. Gọi 0963.953.533 / 0931.156.756 để thợ xử lý nhanh trong ngày tại Quảng Ninh. tại nhà",rest,false,false,false,non-public,
377,post,posts,draft,2026-04-17T04:53:47,2026-05-20T01:19:45,thong-tac-cong-ha-long-ban-dem,https://thongtaccongquangninh.com/?p=377,"Thông tắc cống Hạ Long ban đêm 24/7, xử lý nhanh trong ngày","Thông tắc cống Hạ Long ban đêm 24/7, kiểm tra đúng nguyên nhân, báo giá rõ. Gọi 0963.953.533 / 0931.156.756 để thợ xử lý nhanh trong ngày tại Quảng Ninh.",rest,false,false,false,non-public,
378,post,posts,draft,2026-04-17T06:36:07,2026-06-23T13:27:09,hut-be-phot-ha-long-xe-hut-24-7,https://thongtaccongquangninh.com/?p=378,"Hút bể phốt Hạ Long xe hút 24/7, xử lý nhanh trong ngày","Hút bể phốt Hạ Long xe hút 24/7, kiểm tra đúng nguyên nhân, báo giá rõ. Gọi 0963.953.533 / 0931.156.756 để thợ xử lý nhanh trong ngày tại Hạ Long ngay.",rest,false,false,false,non-public,
380,page,pages,publish,2026-04-18T06:26:02,2026-06-28T07:46:30,thong-tac-cong-chung-cu-ha-long,https://thongtaccongquangninh.com/thong-tac-cong-chung-cu-ha-long/,Thông Tắc Cống Chung Cư Hạ Long: Xử Lý Trục Đứng Tầng Hầm,"Chuyên gia gỡ rối sự cố tắc trục cống chính tại các tòa chung cư Hạ Long. Không gây ồn, sạch sẽ.",rest,true,true,true,high-local-seo,
383,page,pages,publish,2026-04-18T06:39:22,2026-06-28T07:46:28,thong-tac-cong-nha-hang-ha-long,https://thongtaccongquangninh.com/thong-tac-cong-nha-hang-ha-long/,Thông Tắc Cống Nhà Hàng Hạ Long: Đánh Tan Mỡ Cứng Đầu,"Thông tắc cống nhà hàng Hạ Long, xử lý mỡ bếp, hố ga sau bếp tại Bãi Cháy. Gọi 0963.953.533 / 0931.156.756, thợ hỏi nhanh, mang máy lò xo, làm ngoài giờ 24/7.",rest,true,true,true,high-local-seo,
384,page,pages,publish,2026-04-19T02:06:49,2026-06-28T07:46:27,thong-tac-cong-ngo-nho-ha-long,https://thongtaccongquangninh.com/thong-tac-cong-ngo-nho-ha-long/,Thông Tắc Cống Ngõ Nhỏ Hạ Long Dành Cho Nhà Dân,"Đội thợ luồn lách thiết bị thông cống vào các con ngõ dốc, hẹp đặc trưng của khu vực Hạ Long.",rest,true,true,true,high-local-seo,
386,page,pages,publish,2026-04-19T03:09:13,2026-06-28T07:46:26,nguyen-nhan-cong-tac-thuong-xuyen-ha-long,https://thongtaccongquangninh.com/nguyen-nhan-cong-tac-thuong-xuyen-ha-long/,Nguyên nhân cống tắc thường xuyên Hạ Long và cách xử lý,Tìm hiểu lý do thực sự khiến hệ thống thoát nước nhà bạn liên tục bị tắc và cách khắc phục tận gốc.,rest,true,true,false,normal,
394,post,posts,draft,2026-04-19T12:36:17,2026-05-20T01:19:38,thong-tac-cong-hong-gai-ha-long,https://thongtaccongquangninh.com/?p=394,"Thông tắc cống Hồng Gai Hạ Long 24/7, xử lý nhanh trong ngày","Thông tắc cống Hồng Gai Hạ Long 24/7, kiểm tra đúng nguyên nhân, báo giá rõ. Gọi 0963.953.533 / 0931.156.756 để thợ xử lý nhanh trong ngày tại Quảng Ninh.",rest,false,false,false,non-public,
400,page,pages,publish,2026-04-21T13:26:35,2026-06-28T07:56:44,thong-tac-cong-cam-pha,https://thongtaccongquangninh.com/thong-tac-cong-cam-pha/,"Thông tắc cống Cẩm Phả, không đục phá, có mặt nhanh gọn","Thông tắc cống Cẩm Phả cho nhà dân, hầm mỏ, khu dân cư. Tiếp nhận 05:00-22:00, máy áp lực cao, không đục phá. Gọi 0963.953.533.",rest,true,true,true,high-local-seo,
405,page,pages,publish,2026-04-21T13:59:13,2026-06-28T07:56:45,thong-tac-cong-uong-bi,https://thongtaccongquangninh.com/thong-tac-cong-uong-bi/,"Thông tắc cống Uông Bí cho hệ ống cũ, nhà trọ đông dân nhanh","Thông tắc cống Uông Bí cho nhà dân, công ty, khu công nghiệp. Tiếp nhận 05:00-22:00, máy áp lực cao, không đục phá. Gọi 0963.953.533.",rest,true,true,true,high-local-seo,
424,page,pages,publish,2026-04-21T23:31:58,2026-06-29T03:46:08,thong-tac-cong-quang-yen,https://thongtaccongquangninh.com/thong-tac-cong-quang-yen/,"Thông Tắc Cống Quảng Yên, Có Mặt Nhanh, Giá Rõ","Thông tắc cống Quảng Yên, khảo sát nhanh, báo giá trước, không đục phá, bảo hành 6-24 tháng. Tiếp nhận 05:00-22:00. Gọi 0963.953.533.",rest,true,true,true,high-local-seo,
425,page,pages,publish,2026-04-21T23:31:59,2026-06-29T03:45:46,thong-tac-cong-dong-trieu,https://thongtaccongquangninh.com/thong-tac-cong-dong-trieu/,"Thông Tắc Cống Đông Triều Cho Nhà Vườn, Khu Trọ Dân Cư Cũ","Thông tắc cống Đông Triều cho nhà vườn, khu trọ, cơ sở kinh doanh. Xử lý nước trào, mùi hôi, không đục phá khi chưa cần. Gọi 0963.953.533 / 0931.156.756.",rest,true,true,true,high-local-seo,
426,page,pages,publish,2026-04-22T03:29:22,2026-06-28T08:08:10,thong-tac-cong-mong-cai,https://thongtaccongquangninh.com/thong-tac-cong-mong-cai/,"Thông Tắc Cống Móng Cái Cho Nhà Phố, Quán Ăn, Khu Chợ Cửa Khẩu","Thông tắc cống Móng Cái 24/7 cho nhà phố, quán ăn, khu chợ cửa khẩu. Xử lý cống nghẹt, nước trào, báo giá rõ trong ngày. Gọi 0963.953.533 / 0931.156.756.",rest,true,true,true,high-local-seo,
427,page,pages,publish,2026-04-22T03:29:23,2026-06-29T03:45:47,thong-tac-cong-van-don,https://thongtaccongquangninh.com/thong-tac-cong-van-don/,"Thông Tắc Cống Vân Đồn Cho Nhà Hàng, Homestay Ven Biển Đảo","Thông tắc cống Vân Đồn cho nhà hàng, homestay, công trình ven biển. Xử lý cát, mỡ, mùi hôi, báo giá rõ trong ngày. Gọi 0963.953.533 / 0931.156.756.",rest,true,true,true,high-local-seo,
436,page,pages,publish,2026-04-27T10:06:38,2026-06-28T07:46:13,hut-be-phot-bai-chay,https://thongtaccongquangninh.com/hut-be-phot-bai-chay/,"Hút bể phốt Bãi Cháy &#8211; Xe bồn vào ngõ rộng, khách sạn nhà hàng","Hút bể phốt Bãi Cháy 24/7, xe bồn hút sạch, không tràn bẩn, báo giá rõ. Gọi 0963.953.533 / 0931.156.756 để xử lý bể đầy, mùi hôi ngay trong ngày tại nhà.",rest,true,true,true,high-local-seo,
450,page,pages,publish,2026-04-28T21:26:30,2026-06-28T07:46:12,thong-tac-bon-cau-cam-pha,https://thongtaccongquangninh.com/thong-tac-bon-cau-cam-pha/,"Thông tắc bồn cầu Cẩm Phả cho nhà dân, nhà trọ và khu mỏ","Thông tắc bồn cầu Cẩm Phả cho nhà dân, nhà trọ, khu mỏ khi nước rút chậm, trào ngược hoặc có mùi hôi. Gọi 0963.953.533 / 0931.156.756 để kiểm tra sớm.",rest,true,true,true,high-local-seo,
538,post,posts,draft,2026-05-16T22:34:19,2026-05-16T22:34:19,thong-tac-bon-cau-quang-yen,https://thongtaccongquangninh.com/?p=538,Thông Tắc Bồn Cầu Quảng Yên &#8211; Xử Lý Nhanh 15 Phút 24/7,"Thông tắc bồn cầu Quảng Yên không đục phá, xử lý triệt để mọi tình trạng tắc nghẽn. Có mặt 15 phút, bảo hành dài hạn. Gọi ngay 0963.953.533",rest,false,false,false,non-public,
644,page,pages,draft,2026-04-30T10:03:20,2026-05-10T13:33:29,ve-chung-toi,https://thongtaccongquangninh.com/?page_id=644,Về chúng tôi Môi Trường Đô Thị Số 1 Quảng Ninh rõ giá nhanh 24/7,"Về chúng tôi Môi Trường Đô Thị Số 1 Quảng Ninh, nhận hút bể phốt, thông tắc cống, nạo vét, xử lý mùi hôi rõ giá 24/7. Gọi 0963.953.533 / 0931.156.756.",rest,false,false,false,non-public,
649,page,pages,draft,2026-05-03T12:17:27,2026-05-19T01:45:01,draft-649-cau-hoi-faq-old,https://thongtaccongquangninh.com/?page_id=649,"Câu hỏi thường gặp thông tắc cống Quảng Ninh: giá, thời gian, bảo hành","Câu hỏi thường gặp thông tắc cống Quảng Ninh: giá, thời gian, bảo hành, xử lý không đục phá. Gọi 0963.953.533 / 0931.156.756 để kiểm tra nhanh trong ngày.",rest,false,false,false,non-public,
991,page,pages,draft,2026-05-23T06:08:39,2026-06-29T02:59:24,thong-tac-cong-cao-xanh-old-draft,https://thongtaccongquangninh.com/?page_id=991,"Thông tắc cống Cao Xanh 24/7, không đục phá, có mặt nhanh 15 phút","Thông tắc cống Cao Xanh 24/7, không đục phá, báo giá rõ. Gọi 0963.953.533 / 0931.156.756 để xử lý tắc nghẽn, mùi hôi nhanh trong ngày tại nhà dân, nhà hàng.",rest,false,false,false,non-public,
992,page,pages,publish,2026-05-23T06:08:51,2026-06-29T12:16:01,thong-tac-cong-gieng-day,https://thongtaccongquangninh.com/thong-tac-cong-gieng-day/,"Thông tắc cống Giếng Đáy Hạ Long, không đục phá","Thông tắc cống Giếng Đáy Hạ Long cho nhà dân, hộ kinh doanh. Tiếp nhận 05:00-22:00, máy cơ học và áp lực cao. Gọi 0963.953.533.",rest,true,true,true,high-local-seo,
993,page,pages,draft,2026-05-23T06:09:03,2026-06-29T02:59:29,thong-tac-cong-tuan-chau-old-draft,https://thongtaccongquangninh.com/?page_id=993,"Thông tắc cống Tuần Châu Hạ Long 24/7, thợ xử lý tận nơi nhanh","Thông tắc cống Tuần Châu Hạ Long cho biệt thự, homestay, nhà hàng, xử lý cống nghẹt, mùi hôi, không đục phá. Gọi 0963.953.533 / 0931.156.756 ngay hôm nay.",rest,false,false,false,non-public,
1226,page,pages,draft,2026-05-12T13:07:20,2026-05-22T18:20:38,thong-tac-cong-bai-chay-draft-legacy,https://thongtaccongquangninh.com/?page_id=1226,"Dịch vụ thông tắc cống Bãi Cháy 24/7, không đục phá, bảo hành 12 tháng","Thông tắc cống Bãi Cháy 24/7, không đục phá, báo giá rõ. Gọi **0963.953.533 / 0931.156.756** xử lý tắc nghẽn, mùi hôi, có mặt nhanh 15 phút, bảo hành dài hạn.",rest,false,false,false,non-public,
1367,post,posts,publish,2026-05-12T13:29:21,2026-06-28T07:47:29,thong-tac-bon-cau-bi-tac,https://thongtaccongquangninh.com/thong-tac-bon-cau-bi-tac/,Thông tắc bồn cầu bị tắc Quảng Ninh: xử lý trào ngược nhanh,"Thông tắc bồn cầu bị tắc Quảng Ninh: xử lý nước trào, dị vật, bể phốt đầy, mùi hôi tại nhà. Gọi 0963.953.533 / 0931.156.756 để được thợ hỗ trợ nhanh ngay.",rest,true,true,true,high-local-seo,
1368,post,posts,publish,2026-05-12T13:31:14,2026-06-28T07:47:28,nao-vet-ho-ga,https://thongtaccongquangninh.com/nao-vet-ho-ga/,"Nạo vét hố ga Quảng Ninh: xử lý bùn lắng, mùi hôi, ngập sau mưa","Nạo vét hố ga Quảng Ninh xử lý bùn lắng, mùi hôi, nước thoát chậm, ngập sân sau mưa tại nhà dân, nhà hàng, khu trọ. Gọi 0963.953.533 / 0931.156.756 ngay.",rest,true,true,true,high-local-seo,
1369,post,posts,publish,2026-05-12T13:31:51,2026-06-29T03:20:20,xu-ly-mui-hoi-nha-ve-sinh,https://thongtaccongquangninh.com/xu-ly-mui-hoi-nha-ve-sinh/,Xử lý mùi hôi nhà vệ sinh Quảng Ninh: tìm đúng nguồn hôi,"Xử lý mùi hôi nhà vệ sinh Quảng Ninh: kiểm tra thoát sàn, lavabo, bồn cầu, bể phốt, hố ga và ống thông khí. Gọi 0963.953.533 / 0931.156.756 để xử lý tận gốc.",rest,true,true,true,high-local-seo,
1377,post,posts,publish,2026-05-12T22:05:03,2026-06-29T03:47:59,cau-hoi-thuong-gap-thong-tac-cong,https://thongtaccongquangninh.com/cau-hoi-thuong-gap-thong-tac-cong/,"Câu hỏi thường gặp thông tắc cống Quảng Ninh, giá và bảo hành","Câu hỏi thường gặp thông tắc cống Quảng Ninh: giá, thời gian, bảo hành, xử lý không đục phá. Gọi 0963.953.533 / 0931.156.756 để kiểm tra nhanh trong ngày.",rest,true,true,true,high-local-seo,
1477,post,posts,draft,2026-05-17T15:08:43,2026-05-17T15:08:43,hanh-trinh-10-nam-bao-ve-moi-truong-quang-ninh,https://thongtaccongquangninh.com/?p=1477,Hành trình 10 năm vì một Quảng Ninh Xanh &#8211; Sạch &#8211; Đẹp: Xung kích khắc phục bão Yagi &amp; Nhận Bằng Khen UBND Tỉnh,"Hơn một thập kỷ qua, Công Ty Môi Trường Đô Thị Số 1 Quảng Ninh không chỉ được biết đến là đơn vị dẫn đầu trong lĩnh vực hút bể phốt, thông tắc cống và vệ sinh môi trường công nghiệp tại địa phương. Vư",rest,false,false,false,non-public,
1481,page,pages,publish,2026-05-17T15:40:47,2026-06-16T01:33:35,thong-tac-bon-cau-dong-trieu,https://thongtaccongquangninh.com/thong-tac-bon-cau-dong-trieu/,"Thông tắc bồn cầu Đông Triều cho nhà trong ngõ, khu trọ và cửa hàng","Thông tắc bồn cầu Đông Triều cho nhà trong ngõ, khu trọ, cửa hàng mặt đường khi nước rút chậm, trào ngược. Gọi 0963.953.533 / 0931.156.756 kiểm tra sớm.",rest,true,true,true,high-local-seo,
1482,page,pages,publish,2026-05-17T15:40:50,2026-06-29T03:46:04,thong-tac-bon-cau-ha-long,https://thongtaccongquangninh.com/thong-tac-bon-cau-ha-long/,"Thông tắc bồn cầu Hạ Long cho khách sạn, nhà hàng và nhà dân","Thông tắc bồn cầu Hạ Long cho khách sạn, nhà hàng, nhà dân khi nước rút chậm, trào ngược hoặc có mùi hôi. Gọi 0963.953.533 / 0931.156.756 để kiểm tra sớm.",rest,true,true,true,high-local-seo,
1483,page,pages,publish,2026-05-17T15:40:52,2026-06-28T07:46:10,thong-tac-bon-cau-mong-cai,https://thongtaccongquangninh.com/thong-tac-bon-cau-mong-cai/,"Thông tắc bồn cầu Móng Cái cho nhà phố, cửa hàng và nhà nghỉ","Thông tắc bồn cầu Móng Cái cho nhà phố, cửa hàng, nhà nghỉ khi nước rút chậm, trào ngược hoặc có mùi hôi. Gọi 0963.953.533 / 0931.156.756 để kiểm tra sớm.",rest,true,true,true,high-local-seo,
1485,page,pages,publish,2026-05-17T15:40:56,2026-06-16T01:33:40,thong-tac-bon-cau-quang-yen,https://thongtaccongquangninh.com/thong-tac-bon-cau-quang-yen/,"Thông tắc bồn cầu Quảng Yên cho nhà nền thấp, ven sông, khu trọ","Thông tắc bồn cầu Quảng Yên cho nhà nền thấp, ven sông, khu trọ khi nước rút chậm hoặc trào sau mưa. Gọi 0963.953.533 / 0931.156.756 kiểm tra tại chỗ.",rest,true,true,true,high-local-seo,
1486,page,pages,publish,2026-05-17T15:40:58,2026-06-28T07:46:08,thong-tac-bon-cau-uong-bi,https://thongtaccongquangninh.com/thong-tac-bon-cau-uong-bi/,"Thông tắc bồn cầu Uông Bí cho nhà trọ, dân cư và công trình ống cũ","Thông tắc bồn cầu Uông Bí cho nhà trọ, khu dân cư và nhà ống cũ khi nước rút chậm, trào ngược, có mùi hôi. Gọi 0963.953.533 / 0931.156.756 để kiểm tra sớm.",rest,true,true,true,high-local-seo,
1487,page,pages,publish,2026-05-17T15:41:00,2026-06-08T01:28:36,thong-tac-bon-cau-van-don,https://thongtaccongquangninh.com/thong-tac-bon-cau-van-don/,"Thông tắc bồn cầu Vân Đồn cho homestay, resort và nhà dân ven biển","Thông tắc bồn cầu Vân Đồn cho homestay, resort và nhà dân khi nước rút chậm, trào ngược hoặc có mùi hôi. Gọi 0963.953.533 / 0931.156.756 để kiểm tra sớm.",rest,true,true,true,high-local-seo,
1576,post,posts,publish,2026-06-29T05:04:54,2026-06-29T05:27:04,hut-be-phot-hong-gai,https://thongtaccongquangninh.com/hut-be-phot-hong-gai/,"Hút bể phốt Hồng Gai Hạ Long, xe vào ngõ hẹp, báo giá rõ","Hút bể phốt Hồng Gai Hạ Long, xe vào ngõ hẹp phố cổ, hút sạch không trào bẩn, báo giá rõ trước khi làm. Gọi 0963.953.533 / 0931.156.756 xử lý ngay.",rest,true,true,true,high-local-seo,
1581,post,posts,publish,2026-06-29T05:04:56,2026-06-29T05:26:58,hut-be-phot-cao-xanh,https://thongtaccongquangninh.com/hut-be-phot-cao-xanh/,"Hút bể phốt Cao Xanh Hạ Long, khu dân cư đông, có mặt nhanh","Hút bể phốt Cao Xanh Hạ Long, xe bồn hút sạch khu dân cư đông, báo giá rõ trước khi làm. Gọi 0963.953.533 / 0931.156.756 xử lý bể đầy ngay trong ngày.",rest,true,true,true,high-local-seo,
1586,post,posts,publish,2026-06-29T05:04:58,2026-06-29T05:26:53,hut-be-phot-bach-dang,https://thongtaccongquangninh.com/hut-be-phot-bach-dang/,"Hút bể phốt Bạch Đằng Hạ Long, trung tâm hành chính, báo giá rõ","Hút bể phốt Bạch Đằng Hạ Long, xe bồn hút sạch khu trung tâm, không trào bẩn, báo giá rõ. Gọi 0963.953.533 / 0931.156.756 xử lý bể đầy ngay hôm nay.",rest,true,true,true,high-local-seo,
1591,post,posts,publish,2026-06-29T05:05:00,2026-06-29T05:27:02,hut-be-phot-ha-khau,https://thongtaccongquangninh.com/hut-be-phot-ha-khau/,"Hút bể phốt Hà Khẩu Hạ Long, khu cầu cảng, báo giá rõ","Hút bể phốt Hà Khẩu Hạ Long, xe bồn hút sạch khu cầu Bãi Cháy và kho bãi, báo giá rõ trước khi làm. Gọi 0963.953.533 / 0931.156.756 xử lý bể đầy ngay.",rest,true,true,true,high-local-seo,
1596,post,posts,publish,2026-06-29T05:05:02,2026-06-29T05:27:00,hut-be-phot-gieng-day,https://thongtaccongquangninh.com/hut-be-phot-gieng-day/,"Hút bể phốt Giếng Đáy Hạ Long, khu công nghiệp, báo giá rõ","Hút bể phốt Giếng Đáy Hạ Long, xe bồn hút sạch khu công nghiệp và nhà dân, không trào bẩn, báo giá rõ. Gọi 0963.953.533 / 0931.156.756 xử lý bể đầy ngay.",rest,true,true,true,high-local-seo,
1601,post,posts,publish,2026-06-29T05:06:17,2026-06-29T05:27:09,hut-be-phot-tuan-chau,https://thongtaccongquangninh.com/hut-be-phot-tuan-chau/,"Hút bể phốt Tuần Châu Hạ Long, resort nhà hàng, báo giá rõ","Hút bể phốt Tuần Châu Hạ Long, xe bồn hút sạch resort, nhà hàng và nhà dân đảo Tuần Châu, không trào bẩn, báo giá rõ. Gọi 0963.953.533 / 0931.156.756.",rest,true,true,true,high-local-seo,
1606,post,posts,publish,2026-06-29T05:06:24,2026-06-29T05:26:56,hut-be-phot-cam-trung,https://thongtaccongquangninh.com/hut-be-phot-cam-trung/,"Hút bể phốt Cẩm Trung Cẩm Phả, chung cư cũ, báo giá rõ","Hút bể phốt Cẩm Trung Cẩm Phả, xe bồn hút sạch chung cư cũ và nhà dân, báo giá rõ trước khi làm. Gọi 0963.953.533 / 0931.156.756 xử lý bể đầy ngay.",rest,true,true,true,high-local-seo,
1611,post,posts,publish,2026-06-29T05:06:28,2026-06-29T05:26:55,hut-be-phot-cam-thuy,https://thongtaccongquangninh.com/hut-be-phot-cam-thuy/,"Hút bể phốt Cẩm Thủy Cẩm Phả, khu mỏ, báo giá rõ","Hút bể phốt Cẩm Thủy Cẩm Phả, xe bồn hút sạch khu mỏ và nhà dân, báo giá rõ trước khi làm. Gọi 0963.953.533 / 0931.156.756 xử lý bể đầy ngay hôm nay.",rest,true,true,true,high-local-seo,
1616,post,posts,publish,2026-06-29T05:06:36,2026-06-29T05:27:06,hut-be-phot-mao-khe,https://thongtaccongquangninh.com/hut-be-phot-mao-khe/,"Hút bể phốt Mạo Khê Đông Triều –, Xe vào ngõ hẹp, Báo giá rõ","Hút bể phốt Mạo Khê Đông Triều – xe chuyên dụng 3 tấn đến tận nơi, không mùi hôi, báo giá trước. Gọi 0963.953.533 phục vụ tại khu thị trấn công nghiệp Mạo Khê.",rest,true,true,true,high-local-seo,
1621,post,posts,publish,2026-06-29T05:06:40,2026-06-29T05:27:10,hut-be-phot-yen-thanh,https://thongtaccongquangninh.com/hut-be-phot-yen-thanh/,"Hút bể phốt Yên Thanh Uông Bí –, Xe vào ngõ nhà ống, Báo giá rõ","Hút bể phốt Yên Thanh Uông Bí – xe 3 tấn chuyên dụng vào tận ngõ nhà ống, không để mùi, báo giá trước. Gọi 0963.953.533 phục vụ khu vùng ven Yên Thanh.",rest,true,true,true,high-local-seo,
1633,post,posts,draft,2026-05-20T01:19:05,2026-05-20T01:19:05,dau-hieu-be-phot-can-hut-3,https://thongtaccongquangninh.com/?p=1633,"Dấu hiệu bể phốt cần hút 24/7, báo giá rõ, xử lý nhanh tại nhà","Dấu hiệu bể phốt cần hút 24/7: mùi hôi, bồn cầu rút chậm, trào ngược. Gọi 0963.953.533 / 0931.156.756 để thợ kiểm tra, báo giá rõ tại Quảng Ninh.",rest,false,false,false,non-public,
1639,post,posts,draft,2026-05-20T00:40:08,2026-05-20T00:40:08,chu-ky-hut-be-phot-2,https://thongtaccongquangninh.com/?p=1639,Chu kỳ hút bể phốt bao lâu một lần? – Hướng dẫn đầy đủ 2026,"Chu kỳ hút bể phốt bao lâu một lần tùy vào số người dùng, thể tích bể và loại công trình. Tìm hiểu cách tính đúng để tránh tràn bể. Gọi 0963.953.533 tại Quảng Ninh.",rest,false,false,false,non-public,
1644,post,posts,draft,2026-06-03T12:48:08,2026-06-03T12:48:08,draft-legacy-1644-mui-hoi-cong-nguyen-nhan-xu-ly,https://thongtaccongquangninh.com/?p=1644,"Mùi hôi từ cống, bể phốt trong nhà – Nguyên nhân và cách xử lý dứt điểm","Mùi hôi từ cống, sàn nhà tắm hoặc bồn cầu trong nhà do nguyên nhân gì? Cách xử lý tại nhà và khi nào cần gọi thợ. Gọi 0963.953.533 Quảng Ninh 24/7.",rest,false,false,false,non-public,
1645,post,posts,draft,2026-06-03T12:46:55,2026-06-03T12:46:55,draft-legacy-1645-chi-phi-hut-be-phot-quang-ninh-2,https://thongtaccongquangninh.com/?p=1645,"Chi phí hút bể phốt Quảng Ninh 2026 – Bảng giá chi tiết, báo giá ngay","Chi phí hút bể phốt Quảng Ninh 2026 từ 300.000đ – 2.000.000đ tùy thể tích. Xem bảng giá chi tiết, các khoản phát sinh, cách tiết kiệm chi phí. Gọi 0963.953.533.",rest,false,false,false,non-public,
1648,post,posts,draft,2026-05-20T00:40:14,2026-05-20T00:40:14,bon-cau-rut-cham-nguyen-nhan-2,https://thongtaccongquangninh.com/?p=1648,Bồn cầu rút nước chậm – Nguyên nhân và cách xử lý tại nhà 2026,"Bồn cầu rút nước chậm do tắc đường ống, bể phốt đầy hay van xả hỏng? Tìm hiểu nguyên nhân và cách xử lý đúng. Gọi 0963.953.533 thợ Quảng Ninh đến nhanh 24/7.",rest,false,false,false,non-public,
1651,post,posts,draft,2026-05-20T00:40:17,2026-05-20T00:40:17,mui-hoi-cong-nguyen-nhan-xu-ly-2,https://thongtaccongquangninh.com/?p=1651,Mùi hôi từ cống trong nhà – Nguyên nhân và cách xử lý,"Mùi hôi từ cống, sàn nhà tắm hoặc bồn cầu trong nhà do nguyên nhân gì? Cách xử lý tại nhà và khi nào cần gọi thợ. Gọi 0963.953.533 Quảng Ninh 24/7.",rest,false,false,false,non-public,
1660,post,posts,draft,2026-05-20T00:46:39,2026-05-20T00:46:39,hoa-chat-tu-thong-cong-2,https://thongtaccongquangninh.com/?p=1660,"Hóa chất thông cống tại nhà – Loại nào an toàn, loại nào gây hại?","Hóa chất thông cống tại nhà có hiệu quả không? So sánh muối nở, giấm, NaOH, enzyme vs gọi thợ. Khi nào nên tự xử lý, khi nào cần 0963.953.533 tại Quảng Ninh.",rest,false,false,false,non-public,
1759,post,posts,draft,2026-05-20T01:29:43,2026-05-20T01:29:43,thong-tac-cong-ngo-nho-ha-long,https://thongtaccongquangninh.com/?p=1759,"Thông tắc cống ngõ nhỏ Hạ Long 24/7, không đục phá, có mặt nhanh","Thông tắc cống ngõ nhỏ Hạ Long 24/7, không đục phá, báo giá rõ, có mặt nhanh. Gọi 0963.953.533 / 0931.156.756 để xử lý tắc nghẽn, mùi hôi ngay trong ngày.",rest,false,false,false,non-public,
1765,post,posts,draft,2026-05-20T01:31:30,2026-05-20T01:31:30,thong-tac-cong-nha-hang-ha-long,https://thongtaccongquangninh.com/?p=1765,"Thông tắc cống nhà hàng Hạ Long 24/7, không đục phá, có mặt nhanh","Thông tắc cống nhà hàng Hạ Long 24/7, không đục phá, báo giá rõ, có mặt nhanh. Gọi 0963.953.533 / 0931.156.756 để xử lý tắc nghẽn, mùi hôi ngay trong ngày.",rest,false,false,false,non-public,
1771,post,posts,draft,2026-05-20T01:31:27,2026-05-20T01:31:27,thong-tac-cong-chung-cu-ha-long,https://thongtaccongquangninh.com/?p=1771,"Thông tắc cống chung cư Hạ Long 24/7, không đục phá, có mặt nhanh","Thông tắc cống chung cư Hạ Long 24/7, không đục phá, báo giá rõ, có mặt nhanh. Gọi 0963.953.533 / 0931.156.756 để xử lý tắc nghẽn, mùi hôi ngay trong ngày.",rest,false,false,false,non-public,
1788,post,posts,draft,2026-05-20T01:32:27,2026-05-20T01:32:27,nao-vet-ho-ga-quang-ninh,https://thongtaccongquangninh.com/?p=1788,"Nạo vét hố ga Quảng Ninh 24/7, báo giá rõ, xử lý nhanh tại nhà","Nạo vét hố ga Quảng Ninh 24/7, kiểm tra đúng nguyên nhân, báo giá rõ. Gọi 0963.953.533 / 0931.156.756 để thợ xử lý nhanh trong ngày tại Quảng Ninh. tại nhà",rest,false,false,true,non-public,
1794,post,posts,draft,2026-05-20T01:33:34,2026-05-20T01:33:34,xu-ly-mui-hoi-quang-ninh,https://thongtaccongquangninh.com/?p=1794,"Xử lý mùi hôi Quảng Ninh 24/7, báo giá rõ, xử lý nhanh tại nhà","Xử lý mùi hôi Quảng Ninh 24/7, kiểm tra đúng nguyên nhân, báo giá rõ. Gọi 0963.953.533 / 0931.156.756 để thợ xử lý nhanh trong ngày tại Quảng Ninh. tại nhà",rest,false,false,false,non-public,
1801,post,posts,draft,2026-05-21T00:30:38,2026-05-21T00:30:38,thong-tac-toilet-quang-ninh,https://thongtaccongquangninh.com/?p=1801,"Thông tắc toilet Quảng Ninh 24/7, báo giá rõ, xử lý nhanh tại nhà","Thông tắc toilet Quảng Ninh 24/7, kiểm tra đúng nguyên nhân, báo giá rõ. Gọi 0963.953.533 / 0931.156.756 để thợ xử lý nhanh trong ngày tại Quảng Ninh.",rest,false,false,false,non-public,
1807,post,posts,draft,2026-05-20T01:33:30,2026-05-20T01:33:30,thong-tac-chau-rua-quang-ninh,https://thongtaccongquangninh.com/?p=1807,"Thông tắc chậu rửa Quảng Ninh 24/7, báo giá rõ, gọi thợ nhanh","Thông tắc chậu rửa Quảng Ninh 24/7, kiểm tra đúng nguyên nhân, báo giá rõ. Gọi 0963.953.533 / 0931.156.756 để thợ xử lý nhanh trong ngày tại Quảng Ninh.",rest,false,false,false,non-public,
1813,post,posts,draft,2026-05-20T01:34:39,2026-05-20T01:34:39,thong-tac-cong-hong-gai-ha-long-2,https://thongtaccongquangninh.com/?p=1813,"Thông tắc cống Hồng Gai Hạ Long 24/7, báo giá rõ, gọi thợ nhanh","Thông tắc cống Hồng Gai Hạ Long 24/7, kiểm tra đúng nguyên nhân, báo giá rõ. Gọi 0963.953.533 / 0931.156.756 để thợ xử lý nhanh trong ngày tại Quảng Ninh.",rest,false,false,false,non-public,
1822,post,posts,draft,2026-05-20T01:34:41,2026-05-20T01:34:41,thong-tac-cong-ha-long-ban-dem-2,https://thongtaccongquangninh.com/?p=1822,"Thông tắc cống Hạ Long ban đêm 24/7, báo giá rõ, gọi thợ nhanh","Thông tắc cống Hạ Long ban đêm 24/7, kiểm tra đúng nguyên nhân, báo giá rõ. Gọi 0963.953.533 / 0931.156.756 để thợ xử lý nhanh trong ngày tại Quảng Ninh.",rest,false,false,false,non-public,
1828,post,posts,draft,2026-05-20T01:34:42,2026-05-20T01:34:42,hut-be-phot-ha-long-xe-hut-24-7-2,https://thongtaccongquangninh.com/?p=1828,"Hút bể phốt Hạ Long xe hút 24/7 24/7, báo giá rõ, gọi thợ nhanh","Hút bể phốt Hạ Long xe hút 24/7 24/7, kiểm tra đúng nguyên nhân, báo giá rõ. Gọi 0963.953.533 / 0931.156.756 để thợ xử lý nhanh trong ngày tại Quảng Ninh.",rest,false,false,false,non-public,
1834,post,posts,draft,2026-05-20T01:34:43,2026-05-20T01:34:43,gia-thong-tac-cong-ha-long-2,https://thongtaccongquangninh.com/?p=1834,"Giá thông tắc cống Hạ Long 24/7, báo giá rõ, xử lý nhanh tại nhà","Giá thông tắc cống Hạ Long 24/7, kiểm tra đúng nguyên nhân, báo giá rõ. Gọi 0963.953.533 / 0931.156.756 để thợ xử lý nhanh trong ngày tại Quảng Ninh. tại nhà",rest,false,false,false,non-public,
1840,post,posts,draft,2026-05-20T01:34:53,2026-05-20T01:34:53,nguyen-nhan-cong-tac-thuong-xuyen-ha-long,https://thongtaccongquangninh.com/?p=1840,"Nguyên nhân cống tắc thường xuyên Hạ Long, cách xử lý đúng ngay","Nguyên nhân cống tắc thường xuyên Hạ Long 24/7, tư vấn đúng tình trạng, báo giá rõ. Gọi 0963.953.533 / 0931.156.756 để xử lý nhanh trong ngày tại Quảng Ninh.",rest,false,false,false,non-public,
1851,post,posts,draft,2026-05-20T01:35:01,2026-05-20T01:35:01,cach-xu-ly-cong-thoat-nuoc-tac-2,https://thongtaccongquangninh.com/?p=1851,"Cách xử lý cống thoát nước tắc 24/7, báo giá rõ, gọi thợ nhanh","Cách xử lý cống thoát nước tắc 24/7, kiểm tra đúng nguyên nhân, báo giá rõ. Gọi 0963.953.533 / 0931.156.756 để thợ xử lý nhanh trong ngày tại Quảng Ninh.",rest,false,false,false,non-public,
1858,post,posts,draft,2026-05-20T01:36:06,2026-05-20T01:36:06,bang-gia-hut-be-phot-quang-ninh-2026-2,https://thongtaccongquangninh.com/?p=1858,"Bảng giá hút bể phốt Quảng Ninh 2026 24/7, báo giá rõ, gọi thợ nhanh","Bảng giá hút bể phốt Quảng Ninh 2026 24/7, kiểm tra đúng nguyên nhân, báo giá rõ. Gọi 0963.953.533 / 0931.156.756 để thợ xử lý nhanh trong ngày tại Quảng Ninh.",rest,false,false,false,non-public,
1889,post,posts,draft,2026-05-20T02:08:36,2026-05-20T02:08:36,landing-quang-ninh-thong-tac-bon-cau,https://thongtaccongquangninh.com/?p=1889,"Thông tắc bồn cầu Quảng Ninh 24/7 &#8211; Phục vụ 7 thành phố, bảo hành dài hạn","Thông tắc bồn cầu toàn Quảng Ninh: Hạ Long, Cẩm Phả, Uông Bí, Móng Cái. Gọi **0963.953.533 / 0931.156.756** thợ đến sau 15 phút, cam kết 3 Không.",rest,false,false,false,non-public,
1907,post,posts,draft,2026-05-20T02:11:32,2026-05-20T02:11:32,landing-van-don-thong-tac-bon-cau,https://thongtaccongquangninh.com/?p=1907,"Thông tắc bồn cầu Vân Đồn 24/7 &#8211; Resort, homestay, nhà dân, có mặt nhanh","Resort Vân Đồn, bồn cầu tắc, khách phàn nàn? Gọi **0963.953.533 / 0931.156.756** thợ đến sau 20 phút, xử lý kín đáo, cam kết không đục phá, bảo hành 12 tháng.",rest,false,false,false,non-public,
1924,post,posts,draft,2026-05-20T23:16:10,2026-06-03T12:49:29,draft-legacy-1924-hut-be-phot-tien-yen,https://thongtaccongquangninh.com/?p=1924,"Hút bể phốt Tiên Yên Quảng Ninh 24/7 – Xe đến tận nơi, báo giá rõ","Hút bể phốt Tiên Yên Quảng Ninh 24/7 cho nhà dân, nhà hàng, trường học vùng xa. Xe đến tận nơi, hút sạch, báo giá rõ. Gọi 0963.953.533 / 0931.156.756.",rest,false,false,false,non-public,
1928,post,posts,draft,2026-05-20T23:14:00,2026-06-03T12:49:17,draft-legacy-1928-hut-be-phot-hai-ha,https://thongtaccongquangninh.com/?p=1928,"Hút bể phốt Hải Hà Quảng Ninh 24/7 – Xe đến tận huyện, báo giá ngay","Hút bể phốt Hải Hà Quảng Ninh 24/7 cho nhà dân, cơ sở kinh doanh vùng biên. Xe đến tận nơi, báo giá rõ, không phát sinh. Gọi 0963.953.533 / 0931.156.756.",rest,false,false,false,non-public,
1932,post,posts,draft,2026-05-20T23:14:12,2026-06-03T12:48:20,draft-legacy-1932-hut-be-phot-ba-che,https://thongtaccongquangninh.com/?p=1932,"Hút bể phốt Ba Chẽ Quảng Ninh 24/7 – Xe vào vùng núi, báo giá rõ","Hút bể phốt Ba Chẽ Quảng Ninh 24/7 cho nhà dân, trường học, cơ sở vùng núi. Xe đến tận nơi, hút sạch, không phát sinh phí ẩn. Gọi 0963.953.533 / 0931.156.756.",rest,false,false,false,non-public,
1936,post,posts,draft,2026-05-20T23:14:23,2026-06-03T12:49:03,draft-legacy-1936-hut-be-phot-dam-ha,https://thongtaccongquangninh.com/?p=1936,"Hút bể phốt Đầm Hà Quảng Ninh 24/7 – Xe đến tận nơi, báo giá minh bạch","Hút bể phốt Đầm Hà Quảng Ninh 24/7 cho nhà dân, nhà hàng, trang trại. Xe đến tận huyện, hút sạch, báo giá rõ trước khi làm. Gọi 0963.953.533 / 0931.156.756.",rest,false,false,false,non-public,
1940,post,posts,draft,2026-05-20T23:14:34,2026-06-03T12:48:34,draft-legacy-1940-hut-be-phot-binh-lieu,https://thongtaccongquangninh.com/?p=1940,Hút bể phốt Bình Liêu Quảng Ninh 24/7 – Xe đến tận huyện biên giới,"Hút bể phốt Bình Liêu Quảng Ninh 24/7 cho nhà dân, trường học vùng cao biên giới. Xe đến tận nơi, báo giá rõ, không phát sinh. Gọi 0963.953.533 / 0931.156.756.",rest,false,false,false,non-public,
1944,post,posts,draft,2026-05-20T23:14:45,2026-06-03T12:48:48,draft-legacy-1944-hut-be-phot-co-to,https://thongtaccongquangninh.com/?p=1944,"Hút bể phốt Cô Tô Quảng Ninh 24/7 – Xe vào đảo, báo giá rõ trước","Hút bể phốt Cô Tô Quảng Ninh 24/7 cho nhà dân, resort, nhà hàng trên đảo. Điều phối theo chuyến tàu, báo giá minh bạch. Gọi 0963.953.533 / 0931.156.756.",rest,false,false,false,non-public,
2022,page,pages,publish,2026-05-22T02:11:49,2026-06-17T01:36:13,he-thong-lien-ket-doi-tac,https://thongtaccongquangninh.com/he-thong-lien-ket-doi-tac/,Đối tác bể phốt Quảng Ninh và hệ thống truyền thông,"Danh bạ liên kết đối tác Môi Trường Đô Thị Số 1 Quảng Ninh: kênh truyền thông, hồ sơ doanh nghiệp và đầu mối liên hệ. Gọi 0963.953.533 / 0931.156.756.",rest,true,true,false,normal,
2024,page,pages,draft,2026-06-03T12:46:53,2026-06-03T12:46:53,draft-legacy-2024-chi-phi-hut-be-phot-quang-ninh,https://thongtaccongquangninh.com/?page_id=2024,"Chi phí hút bể phốt Quảng Ninh 2026 – Bảng giá chi tiết, báo giá ngay","Chi phí hút bể phốt Quảng Ninh 2026 từ 300.000đ – 2.000.000đ tùy thể tích. Xem bảng giá chi tiết, các khoản phát sinh, cách tiết kiệm chi phí. Gọi 0963.953.533.",rest,false,false,false,non-public,
2025,page,pages,publish,2026-05-22T03:13:14,2026-06-08T01:18:20,chi-phi-hut-be-phot-quang-ninh,https://thongtaccongquangninh.com/chi-phi-hut-be-phot-quang-ninh/,Chi phí hút bể phốt Quảng Ninh: cách tính theo m3 và ngõ sâu,"Chi phí hút bể phốt Quảng Ninh phụ thuộc m3 bùn, vị trí xe, ngõ sâu và ca đêm. Gọi 0963.953.533 / 0931.156.756 để được báo giá rõ trước khi thi công ngay.",rest,true,true,true,high-local-seo,
2026,post,posts,draft,2026-05-22T03:13:38,2026-06-03T12:46:50,draft-legacy-2026-chi-phi-hut-be-phot-quang-ninh,https://thongtaccongquangninh.com/?p=2026,Chi phí hút bể phốt Quảng Ninh: tự tính theo m3 và vị trí xe,"Chi phí hút bể phốt Quảng Ninh theo m3, ngõ sâu, xe vào, bùn đặc, ca đêm và loại công trình. Gọi 0963.953.533 / 0931.156.756 để tự tính trước khi đặt lịch.",rest,false,false,false,non-public,
2027,post,posts,draft,2026-06-04T02:09:04,2026-06-04T02:09:04,draft-legacy-2027-bon-cau-rut-cham-nguyen-nhan,https://thongtaccongquangninh.com/?p=2027,Bồn cầu rút nước chậm – Nguyên nhân và cách xử lý tại nhà 2026,"Bồn cầu rút nước chậm do tắc đường ống, bể phốt đầy hay van xả hỏng? Tìm hiểu nguyên nhân và cách xử lý đúng. Gọi 0963.953.533 thợ Quảng Ninh đến nhanh 24/7.",rest,false,false,false,non-public,
2028,post,posts,draft,2026-06-03T12:47:39,2026-06-03T12:47:39,draft-legacy-2028-chu-ky-hut-be-phot,https://thongtaccongquangninh.com/?p=2028,Chu kỳ hút bể phốt bao lâu một lần? – Hướng dẫn đầy đủ 2026,"Chu kỳ hút bể phốt bao lâu một lần tùy vào số người dùng, thể tích bể và loại công trình. Tìm hiểu cách tính đúng để tránh tràn bể. Gọi 0963.953.533 tại Quảng Ninh.",rest,false,false,false,non-public,
2029,post,posts,draft,2026-06-03T12:47:52,2026-06-03T12:47:52,draft-legacy-2029-hoa-chat-tu-thong-cong,https://thongtaccongquangninh.com/?p=2029,"Hóa chất thông cống tại nhà – Loại nào an toàn, loại nào gây hại?","Hóa chất thông cống tại nhà có hiệu quả không? So sánh muối nở, giấm, NaOH, enzyme vs gọi thợ. Khi nào nên tự xử lý, khi nào cần 0963.953.533 tại Quảng Ninh.",rest,false,false,false,non-public,
2030,post,posts,draft,2026-05-22T03:15:32,2026-05-22T03:15:32,mui-hoi-cong-nguyen-nhan-xu-ly-3,https://thongtaccongquangninh.com/?p=2030,Mùi hôi từ cống trong nhà – Nguyên nhân và cách xử lý,"Mùi hôi từ cống, sàn nhà tắm hoặc bồn cầu trong nhà do nguyên nhân gì? Cách xử lý tại nhà và khi nào cần gọi thợ. Gọi 0963.953.533 Quảng Ninh 24/7.",rest,false,false,false,non-public,
2037,post,posts,draft,2026-06-03T12:49:43,2026-06-03T12:49:43,draft-legacy-2037-thong-tac-cong-hong-gai,https://thongtaccongquangninh.com/?p=2037,"Thông tắc cống Hồng Gai Hạ Long 24/7 – Ngõ hẹp phố cổ, không đục phá","Thông tắc cống Hồng Gai Hạ Long 24/7 cho nhà dân ngõ hẹp, nhà ống, cơ sở kinh doanh phố cổ. Không đục phá, báo giá rõ. Gọi 0963.953.533 / 0931.156.756.",rest,false,false,false,non-public,
2039,post,posts,publish,2026-06-19T07:38:19,2026-06-29T03:02:18,thong-tac-cong-cao-xanh,https://thongtaccongquangninh.com/thong-tac-cong-cao-xanh/,"Thông tắc cống Cao Xanh, không đục phá, có mặt nhanh 15 phút","Thông tắc cống Cao Xanh | Không đục phá, bảo hành 6-24 tháng | Tiếp nhận 05:00-22:00 | Khảo sát miễn phí | Gọi 0963.953.533",rest,true,true,true,high-local-seo,
2040,post,posts,publish,2026-06-29T05:41:35,2026-06-29T05:41:35,thong-tac-cong-gieng-day,https://thongtaccongquangninh.com/thong-tac-cong-gieng-day/,"Thông tắc cống Giếng Đáy Hạ Long, thợ xử lý nhanh tận nơi","Thông tắc cống Giếng Đáy Hạ Long cho nhà dân, nhà trọ, cửa hàng, xử lý nước trào, mùi hôi, cống nghẹt. Gọi 0963.953.533 / 0931.156.756 ngay tại Hạ Long.",rest,true,true,true,high-local-seo,
2041,post,posts,publish,2026-05-22T03:16:29,2026-06-29T04:19:47,thong-tac-cong-tuan-chau,https://thongtaccongquangninh.com/thong-tac-cong-tuan-chau/,"Thông tắc cống Tuần Châu Hạ Long, không đục phá","Thông tắc cống Tuần Châu Hạ Long, thợ có mặt nhanh, không đục phá, bảo hành theo hạng mục. Tiếp nhận 05:00-22:00. Gọi 0963.953.533.",rest,true,true,true,high-local-seo,
2042,post,posts,publish,2026-06-29T04:58:36,2026-06-29T05:00:09,cau-hoi-thuong-gap-thong-tac-cong-qn,https://thongtaccongquangninh.com/cau-hoi-thuong-gap-thong-tac-cong-qn/,"C?u h?i th??ng g?p th?ng t?c c?ng Qu?ng Ninh: gi?, th?i gian, b?o h?nh","Câu hỏi thường gặp thông tắc cống Quảng Ninh: giá, thời gian, bảo hành, xử lý không đục phá. Gọi 0963.953.533 / 0931.156.756 để kiểm tra nhanh trong ngày.",rest,true,true,true,high-local-seo,
2043,post,posts,publish,2026-05-22T03:17:18,2026-06-28T07:47:23,bon-cau-rut-cham-nguyen-nhan,https://thongtaccongquangninh.com/bon-cau-rut-cham-nguyen-nhan/,Bồn cầu rút chậm nguyên nhân và cách xử lý tại nhà,"Bồn cầu rút nước chậm do tắc đường ống, bể phốt đầy hay van xả hỏng? Tìm hiểu nguyên nhân và cách xử lý đúng. Gọi 0963.953.533 thợ Quảng Ninh đến nhanh 24/7.",rest,true,true,false,normal,
2044,post,posts,publish,2026-05-22T03:17:26,2026-06-28T07:47:22,chu-ky-hut-be-phot,https://thongtaccongquangninh.com/chu-ky-hut-be-phot/,Chu kỳ hút bể phốt Quảng Ninh bao lâu? Lịch hút định kỳ,"Chu kỳ hút bể phốt Quảng Ninh theo số người, dung tích bể, dấu hiệu đầy và loại công trình. Gọi 0963.953.533 / 0931.156.756 để kiểm tra, báo giá trước.",rest,true,true,true,high-local-seo,
2045,post,posts,publish,2026-05-22T03:17:35,2026-06-17T01:35:56,hoa-chat-tu-thong-cong,https://thongtaccongquangninh.com/hoa-chat-tu-thong-cong/,Hóa chất tự thông cống: loại an toàn và loại gây hại,"Hóa chất thông cống tại nhà có hiệu quả không? So sánh muối nở, giấm, NaOH, enzyme vs gọi thợ. Khi nào nên tự xử lý, khi nào cần 0963.953.533 tại Quảng Ninh.",rest,true,true,false,normal,
2046,post,posts,publish,2026-05-22T03:17:43,2026-06-28T07:47:21,mui-hoi-cong-nguyen-nhan-xu-ly,https://thongtaccongquangninh.com/mui-hoi-cong-nguyen-nhan-xu-ly/,"Mùi hôi cống nguyên nhân xử lý tại nhà, gọi thợ khi cần","Mùi hôi từ cống, sàn nhà tắm hoặc bồn cầu trong nhà do nguyên nhân gì? Cách xử lý tại nhà và khi nào cần gọi thợ. Gọi 0963.953.533 Quảng Ninh 24/7.",rest,true,true,false,normal,
2047,post,posts,publish,2026-05-22T03:17:51,2026-06-28T07:47:20,hut-be-phot-ba-che,https://thongtaccongquangninh.com/hut-be-phot-ba-che/,"Hút bể phốt Ba Chẽ Quảng Ninh &#8211; Xe vào vùng núi, báo giá rõ","Hút bể phốt Ba Chẽ Quảng Ninh 24/7 cho nhà dân, trường học, cơ sở vùng núi. Xe đến tận nơi, hút sạch, không phát sinh phí ẩn. Gọi 0963.953.533 / 0931.156.756.",rest,true,true,true,high-local-seo,
2048,post,posts,publish,2026-05-22T03:18:02,2026-06-28T07:47:18,hut-be-phot-binh-lieu,https://thongtaccongquangninh.com/hut-be-phot-binh-lieu/,Hút bể phốt Bình Liêu Quảng Ninh – Xe đến tận huyện biên giới,"Hút bể phốt Bình Liêu Quảng Ninh 24/7 cho nhà dân, trường học vùng cao biên giới. Xe đến tận nơi, báo giá rõ, không phát sinh. Gọi 0963.953.533 / 0931.156.756.",rest,true,true,true,high-local-seo,
2049,post,posts,publish,2026-05-22T03:18:09,2026-06-28T07:47:17,hut-be-phot-co-to,https://thongtaccongquangninh.com/hut-be-phot-co-to/,"Hút bể phốt Cô Tô Quảng Ninh – Xe vào đảo, báo giá rõ trước","Hút bể phốt Cô Tô Quảng Ninh 24/7 cho nhà dân, resort, nhà hàng trên đảo. Điều phối theo chuyến tàu, báo giá minh bạch. Gọi 0963.953.533 / 0931.156.756.",rest,true,true,true,high-local-seo,
2050,post,posts,publish,2026-05-22T03:18:18,2026-06-28T07:47:16,hut-be-phot-dam-ha,https://thongtaccongquangninh.com/hut-be-phot-dam-ha/,Hút Bể Phốt Đầm Hà Quảng Ninh – Xe Vào Vùng Ven Biển,"Hút bể phốt Đầm Hà Quảng Ninh 24/7 cho nhà dân, nhà hàng, trang trại. Xe đến tận huyện, hút sạch, báo giá rõ trước khi làm. Gọi 0963.953.533 / 0931.156.756.",rest,true,true,true,high-local-seo,
2051,post,posts,publish,2026-05-22T03:18:25,2026-06-28T07:47:15,hut-be-phot-hai-ha,https://thongtaccongquangninh.com/hut-be-phot-hai-ha/,"Hút bể phốt Hải Hà Quảng Ninh giá minh bạch, thợ có mặt nhanh","Dịch vụ hút bể phốt Hải Hà Quảng Ninh 24/7, báo giá minh bạch, xử lý bùn cứng và mùi hôi, hỗ trợ thị trấn Quảng Hà cùng các xã trong huyện.",rest,true,true,true,high-local-seo,
2052,post,posts,publish,2026-05-22T03:18:31,2026-06-28T07:47:13,hut-be-phot-tien-yen,https://thongtaccongquangninh.com/hut-be-phot-tien-yen/,Hút Bể Phốt Tiên Yên Quảng Ninh – Xe Đến Thị Trấn,"Hút bể phốt Tiên Yên Quảng Ninh 24/7 cho nhà dân, nhà hàng, trường học vùng xa. Xe đến tận nơi, hút sạch, báo giá rõ. Gọi 0963.953.533 / 0931.156.756.",rest,true,true,true,high-local-seo,
2053,post,posts,publish,2026-05-22T03:18:40,2026-06-28T07:56:52,thong-tac-cong-hong-gai,https://thongtaccongquangninh.com/thong-tac-cong-hong-gai/,"Thông tắc cống Hồng Gai Hạ Long – Ngõ hẹp phố cổ, không đục phá","Thông tắc cống Hồng Gai Hạ Long cho nhà dân, phố cổ, nhà hàng. Tiếp nhận 05:00-22:00, không đục phá sàn. Gọi 0963.953.533.",rest,true,true,true,high-local-seo,
2054,post,posts,publish,2026-05-22T03:18:48,2026-06-29T03:22:33,thong-tac-cong-bai-chay,https://thongtaccongquangninh.com/thong-tac-cong-bai-chay/,"Thông Tắc Cống Bãi Cháy Hạ Long &#8211; Không Đục Phá, Xử Lý Nhanh","Thông tắc cống Bãi Cháy Hạ Long, xử lý nhanh cho nhà dân, khách sạn, nhà hàng. Báo giá trước, không đục phá. Gọi 0963.953.533.",rest,true,true,true,high-local-seo,
2055,post,posts,draft,2026-05-22T03:18:56,2026-05-28T14:35:55,thong-tac-cong-cao-xanh-2,https://thongtaccongquangninh.com/?p=2055,"Thông tắc cống Cao Xanh 24/7, không đục phá, có mặt nhanh 15 phút","Thông tắc cống Cao Xanh 24/7, không đục phá, báo giá rõ. Gọi 0963.953.533 / 0931.156.756 để xử lý tắc nghẽn, mùi hôi nhanh trong ngày tại nhà dân, nhà hàng.",rest,false,false,false,non-public,
2056,post,posts,draft,2026-05-22T03:19:02,2026-05-28T14:35:59,thong-tac-cong-gieng-day-2,https://thongtaccongquangninh.com/?p=2056,"Thông tắc cống Giếng Đáy Hạ Long 24/7, thợ xử lý tận nơi nhanh","Thông tắc cống Giếng Đáy Hạ Long cho nhà dân, nhà trọ, cửa hàng, xử lý nước trào, mùi hôi, cống nghẹt. Gọi 0963.953.533 / 0931.156.756 ngay tại Hạ Long.",rest,false,false,false,non-public,
2332,post,posts,publish,2026-05-28T01:06:22,2026-06-29T12:07:43,cam-nang-thong-tac-cong-tai-ha-long,https://thongtaccongquangninh.com/cam-nang-thong-tac-cong-tai-ha-long/,"Thông tắc cống tại Hạ Long: Cẩm nang xử lý nhanh, báo giá mới và cách chọn thợ đáng tin","Cẩm nang thông tắc cống tại Hạ Long: nhận biết dấu hiệu tắc, nguyên nhân theo từng khu vực, bảng giá tham khảo, quy trình xử lý không đục phá và cách chọn thợ đáng tin.",rest,true,true,true,high-local-seo,
2356,page,pages,publish,2026-05-29T17:32:46,2026-06-29T03:48:34,nguyen-song-hao,https://thongtaccongquangninh.com/nguyen-song-hao/,Nguyễn Song Hào chuyên gia vệ sinh môi trường Quảng Ninh,"Nguyễn Song Hào – kỹ sư Kỹ thuật Môi trường ĐH Bách Khoa Hà Nội, nhà sáng lập Công ty Môi Trường Đô Thị Số 1 Quảng Ninh. Tư vấn dịch vụ: 0963.953.533.",rest,true,true,false,normal,
2357,post,posts,publish,2026-05-29T18:29:03,2026-06-29T12:29:54,gia-thong-tac-bon-cau-quang-ninh,https://thongtaccongquangninh.com/gia-thong-tac-bon-cau-quang-ninh/,Giá thông tắc bồn cầu Quảng Ninh: báo giá rõ từng trường hợp,"Giá thông tắc bồn cầu Quảng Ninh 2026 rõ từng ca, báo trước khi làm. Tắc nhẹ, vật cứng, khách sạn và công trình cần xử lý sớm đều được khảo sát, chốt giá rõ trước khi triển khai.",rest,true,true,true,high-local-seo,
2377,post,posts,publish,2026-05-30T08:14:26,2026-06-29T03:00:58,thong-tac-bon-cau-khan-cap-quang-ninh,https://thongtaccongquangninh.com/thong-tac-bon-cau-khan-cap-quang-ninh/,"Thông tắc bồn cầu khẩn cấp Quảng Ninh, có thợ sau 15 phút","Bồn cầu tắc trào ngược tại Quảng Ninh? Gọi 0963.953.533 / 0931.156.756, thợ đến nhanh 24/7, xử lý bằng máy lò xo, không đục phá, báo giá trước cho nhà dân.",rest,true,true,true,high-local-seo,
2378,post,posts,draft,2026-05-30T08:14:39,2026-06-03T12:57:57,thong-tac-bon-cau-khan-cap-quang-ninh-2,https://thongtaccongquangninh.com/?p=2378,Bản nháp gộp: thông tắc bồn cầu khẩn cấp Quảng Ninh,"Thông tắc bồn cầu khẩn cấp Quảng Ninh – gọi 0963.953.533, có mặt trong 15 phút, xử lý dứt điểm ngay lần đầu, không đục phá, phục vụ 24/7 Hạ Long, Cẩm Phả, Uông Bí.",rest,false,false,false,non-public,
2379,post,posts,publish,2026-05-30T14:09:33,2026-06-29T03:48:01,thong-tac-bon-cau-ban-dem-quang-ninh,https://thongtaccongquangninh.com/thong-tac-bon-cau-ban-dem-quang-ninh/,Thông tắc bồn cầu Quảng Ninh: thợ xử lý nhanh tận nơi,"Thông tắc bồn cầu Quảng Ninh: gọi 0963.953.533, thợ tiếp nhận 05:00–22:00, có mặt 15 phút, xử lý nhanh không đục phá tại Hạ Long, Cẩm Phả, Uông Bí. Có báo giá trước khi làm.",rest,true,true,true,high-local-seo,
2385,post,posts,publish,2026-05-31T08:17:21,2026-06-28T07:47:08,thong-tac-bon-cau-khong-duc-pha-quang-ninh,https://thongtaccongquangninh.com/thong-tac-bon-cau-khong-duc-pha-quang-ninh/,Thông tắc bồn cầu không đục phá Quảng Ninh: tới trong 15 phút,"Thông tắc bồn cầu không đục phá Quảng Ninh bằng máy lò xo, hạn chế tháo nền. Gọi 0963.953.533 / 0931.156.756, thợ tới nhanh, báo giá rõ trước khi làm.",rest,true,true,true,high-local-seo,
2407,post,posts,publish,2026-05-31T14:13:36,2026-06-28T07:47:06,thong-tac-bon-cau-nha-dan-quang-ninh,https://thongtaccongquangninh.com/thong-tac-bon-cau-nha-dan-quang-ninh/,Thông tắc bồn cầu nhà dân Quảng Ninh: xử lý không đục phá,"Bồn cầu nhà dân tắc tại Quảng Ninh? Gọi 0963.953.533 / 0931.156.756, thợ có mặt 15 phút, xử lý bằng máy lò xo, báo giá rõ trước khi làm ngay tại nhà dân.",rest,true,true,true,high-local-seo,
2412,post,posts,publish,2026-06-01T08:14:21,2026-06-29T03:01:01,thong-tac-bon-cau-nha-hang-quang-ninh,https://thongtaccongquangninh.com/thong-tac-bon-cau-nha-hang-quang-ninh/,Thông Tắc Bồn Cầu Nhà Hàng Quảng Ninh,"Bồn cầu nhà hàng tắc tại Quảng Ninh? Gọi 0963.953.533, thợ đến nhanh, thông sạch không đục phá, hạn chế gián đoạn giờ bán, báo giá rõ, bảo hành sau xử lý.",rest,true,true,true,high-local-seo,
2417,post,posts,publish,2026-06-01T14:12:41,2026-06-29T03:01:03,thong-tac-bon-cau-khach-san-quang-ninh,https://thongtaccongquangninh.com/thong-tac-bon-cau-khach-san-quang-ninh/,Thông tắc bồn cầu khách sạn Quảng Ninh: tới nhanh 15 phút,"Bồn cầu khách sạn tắc giữa mùa cao điểm Quảng Ninh? Gọi 0963.953.533 / 0931.156.756, thợ tới nhanh 15 phút, xử lý không đục phá, báo giá rõ trước khi làm.",rest,true,true,true,high-local-seo,
2430,post,posts,publish,2026-06-02T08:17:24,2026-06-29T03:01:05,hut-be-phot-khan-cap-quang-ninh,https://thongtaccongquangninh.com/hut-be-phot-khan-cap-quang-ninh/,Hút bể phốt khẩn cấp Quảng Ninh: xử lý tràn hầm trong 15 phút,"Bể phốt đầy, nước thải trào ngược tại Quảng Ninh? Gọi 0963.953.533 / 0931.156.756, xe hút tới nhanh 24/7, báo giá rõ, không báo giá ảo trước khi bơm ngay.",rest,true,true,true,high-local-seo,
2439,post,posts,publish,2026-06-02T14:10:20,2026-06-29T03:48:03,hut-be-phot-24-7-quang-ninh,https://thongtaccongquangninh.com/hut-be-phot-24-7-quang-ninh/,"Hút bể phốt Quảng Ninh: xe bồn tới nhanh 15 phút, báo giá rõ","Hút bể phốt 24/7 Quảng Ninh, xe bồn tới nhanh khi bể đầy, trào mùi, ngõ sâu hoặc ca đêm. Gọi 0963.953.533 / 0931.156.756 để báo giá rõ trước khi xử lý.",rest,true,true,true,high-local-seo,
2445,page,pages,publish,2026-06-03T01:40:44,2026-06-28T07:46:06,dieu-khoan-dich-vu,https://thongtaccongquangninh.com/dieu-khoan-dich-vu/,Điều Khoản Dịch Vụ,"Cập nhật lần cuối: 03/06/2026 Khi sử dụng dịch vụ hoặc liên hệ đặt lịch qua website thongtaccongquangninh.com, bạn đồng ý với các điều khoản dưới đây. Vui lòng đọc kỹ trước khi đặt dịch vụ. Hình minh",rest,true,true,false,normal,
2449,post,posts,publish,2026-06-03T10:55:11,2026-06-28T07:47:00,gia-hut-be-phot-quang-ninh,https://thongtaccongquangninh.com/gia-hut-be-phot-quang-ninh/,Giá hút bể phốt Quảng Ninh: bảng giá rõ theo m3 và địa bàn,"Giá hút bể phốt Quảng Ninh 2026 từ 300K-2 triệu tùy dung tích, ngõ sâu và địa bàn. Gọi 0963.953.533 / 0931.156.756 để báo giá rõ trước khi xe bơm tại nhà.",rest,true,true,true,high-local-seo,
2519,post,posts,publish,2026-06-03T16:57:19,2026-06-29T05:44:08,bang-gia-hut-be-phot-quang-ninh-2026,https://thongtaccongquangninh.com/bang-gia-hut-be-phot-quang-ninh-2026/,"Bảng giá hút bể phốt Quảng Ninh 2026 – Báo giá thật, không phát sinh","Bảng giá hút bể phốt Quảng Ninh 2026 theo thể tích bể, khu vực, ca ngày/đêm. Báo giá minh bạch, không phát sinh ẩn. Gọi ngay 0963.953.533 – có mặt 15 phút.",rest,true,true,true,high-local-seo,
2554,post,posts,publish,2026-06-07T17:19:17,2026-06-28T07:46:56,xe-hut-be-phot-quang-ninh,https://thongtaccongquangninh.com/xe-hut-be-phot-quang-ninh/,Xe Hút Bể Phốt Quảng Ninh | Giá Rẻ – Có Mặt 15 Phút,"Xe hút bể phốt Quảng Ninh – xe bồn 5 khối hút sạch bể 1–20 khối, có mặt sau 15 phút, không đục phá, báo giá trước thi công. Gọi ngay 0963.953.533.",rest,true,true,true,high-local-seo,
2559,post,posts,publish,2026-06-04T14:11:15,2026-06-28T07:46:59,hut-ham-cau-quang-ninh,https://thongtaccongquangninh.com/hut-ham-cau-quang-ninh/,Hút Hầm Cầu Quảng Ninh – Có Mặt 15 Phút Không Đục Phá,"Hút hầm cầu Quảng Ninh – xe bồn 5 khối có mặt trong 15 phút, phục vụ 24/7 toàn tỉnh. Không đục phá, báo giá trước, bảo hành dài hạn. Gọi ngay 0963.953.533.",rest,true,true,true,high-local-seo,
2589,post,posts,publish,2026-06-05T14:13:14,2026-06-28T07:46:58,dau-hieu-be-phot-bi-day,https://thongtaccongquangninh.com/dau-hieu-be-phot-bi-day/,"Dấu Hiệu Bể Phốt Bị Đầy – Nhận Biết Sớm, Tránh Trào","5 dấu hiệu bể phốt bị đầy dễ nhận biết: mùi hôi, bồn cầu rút chậm, nước trào sàn. Gọi hút ngay 0963.953.533 – có mặt 15 phút, không đục phá, bảo hành dài hạn.",rest,true,true,false,normal,
2687,post,posts,publish,2026-06-08T14:10:19,2026-06-29T03:01:06,hut-be-phot-nha-hang-quang-ninh,https://thongtaccongquangninh.com/hut-be-phot-nha-hang-quang-ninh/,Hút Bể Phốt Nhà Hàng Quảng Ninh – Không Gián Đoạn Kinh Doanh,"Hút bể phốt nhà hàng Quảng Ninh – xe đến trong 15 phút, xử lý gọn không mùi, không đục phá. Gọi ngay 0963.953.533, phục vụ 24/7 toàn tỉnh Quảng Ninh.",rest,true,true,true,high-local-seo,
2694,post,posts,publish,2026-06-08T14:14:27,2026-06-28T07:46:54,hut-be-phot-cong-ty-quang-ninh,https://thongtaccongquangninh.com/hut-be-phot-cong-ty-quang-ninh/,Hút Bể Phốt Công Ty Quảng Ninh – Báo Giá Ngay | 0963.953.533,"Hút bể phốt công ty tại Quảng Ninh – có mặt trong 15 phút, không đục phá, báo giá minh bạch. Gọi ngay 0963.953.533 để được xử lý khẩn cấp 24/7.",rest,true,true,true,high-local-seo,
2702,post,posts,publish,2026-06-09T08:17:53,2026-06-29T03:48:04,hut-be-phot-khach-san-quang-ninh,https://thongtaccongquangninh.com/hut-be-phot-khach-san-quang-ninh/,"Hút bể phốt khách sạn Quảng Ninh giá minh bạch, có mặt nhanh","Dịch vụ hút bể phốt khách sạn Quảng Ninh có mặt nhanh tại Hạ Long, Bãi Cháy, Cẩm Phả, Uông Bí, Vân Đồn. Báo giá minh bạch, không đục phá, hỗ trợ 24/7.",rest,true,true,true,high-local-seo,
2708,post,posts,publish,2026-06-09T14:12:36,2026-06-28T07:46:52,hut-be-phot-khu-nha-tro-quang-ninh,https://thongtaccongquangninh.com/hut-be-phot-khu-nha-tro-quang-ninh/,Hút Bể Phốt Khu Nhà Trọ Quảng Ninh – Xe Bồn Vào Ngõ Sâu,"Hút bể phốt khu nhà trọ Quảng Ninh – xe bồn vào tận ngõ sâu, không đục phá, có mặt trong 15 phút bất kể ngày đêm. Gọi ngay 0963.953.533 để báo giá minh bạch ngay.",rest,true,true,true,high-local-seo,
2767,page,pages,draft,2026-06-10T23:28:48,2026-06-10T23:28:48,hut-be-phot-thong-tac-cong-quang-ninh,https://thongtaccongquangninh.com/?page_id=2767,"Thông Tắc Cống, Hút Bể Phốt Tại Quảng Ninh | Hotline 0963.953.533","Dịch vụ thông tắc cống, thông tắc bồn cầu, xử lý mùi hôi, hút bể phốt tại Quảng Ninh. Có mặt nhanh 15-30 phút, phục vụ 24/7, báo giá rõ ràng. Gọi 0963.953.533.",rest,false,false,false,non-public,
2769,post,posts,publish,2026-06-10T08:14:26,2026-06-28T07:46:51,hut-be-phot-khu-cong-nghiep-quang-ninh,https://thongtaccongquangninh.com/hut-be-phot-khu-cong-nghiep-quang-ninh/,"Hút Bể Phốt Khu Công Nghiệp Quảng Ninh – Xe 5 Khối, Báo Giá Ngay","Hút bể phốt khu công nghiệp Quảng Ninh – xe bồn 5 khối, có mặt trong 15 phút, không đục phá, báo giá minh bạch. Gọi ngay 0963.953.533, phục vụ 24/7.",rest,true,true,true,high-local-seo,
2777,post,posts,publish,2026-06-11T08:15:38,2026-06-29T03:01:09,thong-tac-cong-khan-cap-quang-ninh,https://thongtaccongquangninh.com/thong-tac-cong-khan-cap-quang-ninh/,Thông Tắc Cống Khẩn Cấp Quảng Ninh: Có Mặt Nhanh Trong 15 Phút,"Cống tắc trào ngược, nước ứ sân nhà? Gọi ngay 0963.953.533 – thông tắc cống khẩn cấp Quảng Ninh, có mặt trong 15 phút, không đục phá, bảo hành dài hạn.",rest,true,true,true,high-local-seo,
2782,post,posts,publish,2026-06-11T14:09:02,2026-06-29T03:48:06,thong-tac-cong-24-7-quang-ninh,https://thongtaccongquangninh.com/thong-tac-cong-24-7-quang-ninh/,Thông Tắc Cống Quảng Ninh: Gọi Thợ Xử Lý Nhanh Trong Ngày,"Thông tắc cống Quảng Ninh ngoài giờ cho ca tối khẩn cấp. Tiếp nhận 05:00-22:00, máy chuyên dụng, không đục phá. Gọi 0963.953.533.",rest,true,true,true,high-local-seo,
2787,post,posts,publish,2026-06-12T08:15:36,2026-06-29T03:01:11,gia-thong-tac-cong-quang-ninh,https://thongtaccongquangninh.com/gia-thong-tac-cong-quang-ninh/,"Giá Thông Tắc Cống Quảng Ninh 2026: Bảng Giá Mới, Không Phát Sinh","Giá thông tắc cống Quảng Ninh 2026 tại Hạ Long, Cẩm Phả, Uông Bí; có bảng giá, phụ phí, bảo hành rõ ràng, không báo giá ảo. Gọi 0963.953.533 tư vấn 24/7.",rest,true,true,true,high-local-seo,
2913,post,posts,draft,2026-06-16T23:22:24,2026-06-19T07:46:11,hut-be-phot-ha-long-post-archived,https://thongtaccongquangninh.com/?p=2913,"Hút bể phốt Hạ Long 24/7 – Xe vào ngõ hẹp, khách sạn Bãi Cháy, báo giá ngay","Hút bể phốt Hạ Long 24/7 – xe bồn vào được ngõ hẹp đồi dốc, phục vụ khách sạn Bãi Cháy và nhà dân Hòn Gai. Báo giá trước, không phát sinh. Gọi 0963.953.533.",rest,false,false,false,non-public,
2917,post,posts,draft,2026-06-16T23:33:58,2026-06-19T07:46:13,thong-tac-cong-cam-pha-post-archived,https://thongtaccongquangninh.com/?p=2917,"Thông tắc cống Cẩm Phả 24/7 – Khu công nghiệp, khu mỏ, báo giá ngay","Thông tắc cống Cẩm Phả 24/7 – phục vụ khu công nghiệp, khu mỏ than, nhà dân Cửa Ông. Thợ có mặt 15–30 phút, không đục phá, báo giá trước. Gọi 0963.953.533.",rest,false,false,false,non-public,
2976,post,posts,publish,2026-06-27T15:00:00,2026-06-28T07:42:11,thong-tac-cong-gieng-day-bai-viet,https://thongtaccongquangninh.com/thong-tac-cong-gieng-day-bai-viet/,"Thông tắc cống Giếng Đáy Hạ Long, thợ xử lý tận nơi nhanh","Thông tắc cống Giếng Đáy Hạ Long cho nhà dân, nhà trọ, cửa hàng, xử lý nước trào, mùi hôi, cống nghẹt. Gọi 0963.953.533 / 0931.156.756 ngay tại Hạ Long.",rest,true,true,true,high-local-seo,
3175,page,pages,publish,2026-06-28T07:57:20,2026-06-29T05:16:11,cau-hoi-thuong-gap-thong-tac-cong,https://thongtaccongquangninh.com/cau-hoi-thuong-gap-thong-tac-cong/,"Câu hỏi thường gặp thông tắc cống Quảng Ninh: giá, thời gian, bảo hành","Câu hỏi thường gặp thông tắc cống Quảng Ninh: giá, thời gian, bảo hành, xử lý không đục phá. Gọi 0963.953.533 / 0931.156.756 để kiểm tra nhanh trong ngày.",rest,true,true,true,high-local-seo,
3235,post,posts,draft,2026-06-29T03:52:08,2026-06-29T05:41:58,thong-tac-cong-gieng-day-3,https://thongtaccongquangninh.com/?p=3235,"Thông tắc cống Giếng Đáy Hạ Long, thợ xử lý tận nơi nhanh","Thông tắc cống Giếng Đáy Hạ Long cho nhà dân, nhà trọ, cửa hàng và công trình dân dụng. Báo giá trước, xử lý không đục phá. Gọi 0963.953.533 / 0931.156.756.",rest,false,false,false,non-public,