id,status,priority,type,target_site,source_url,target_url,anchor,content_asset,notes
BL-001,SKIPPED,1,citation,Trang Vang Viet Nam,https://www.trangvangvietnam.com/subpages/signup.asp,https://thongtaccongquangninh.com/,Moi Truong Do Thi So 1 Quang Ninh,profile_short,"Bo qua theo yeu cau cua Tuyen"
BL-002,BI_CHAN_FORM_CAN_GUI_EMAIL,1,local_directory,Quang Ninh Toplist,https://quangninhtoplist.com/company/,https://thongtaccongquangninh.com/,thongtaccongquangninh.com,profile_long,"Registration cong khai bi tat; contact form CF7 tra spam; can gui email/Zalo toi quangninhtoplist@gmail.com hoac hotline 0888 310 444"
BL-003,CHO_LIEN_HE_TAY,1,local_business,Quang Ninh Today,https://quangninhtoday.vn/lien-he/,https://thongtaccongquangninh.com/gioi-thieu/,Moi Truong Do Thi So 1 Quang Ninh,profile_long,"Trang lien he chi cong khai hotline 0365306666 va Facebook Chi hoi DN tre TP Ha Long; chua co form de submit tu dong"
BL-004,CHO_KIEM_TRA,1,local_map,Google Business Profile,https://www.google.com/business/,https://thongtaccongquangninh.com/,thongtaccongquangninh.com,nap_pack,"Chi tao/cap nhat khi co quyen tai khoan va dia chi xac minh"
BL-005,CHO_KIEM_TRA,1,local_map,Bing Places,https://www.bingplaces.com/,https://thongtaccongquangninh.com/,Moi Truong Do Thi So 1 Quang Ninh,nap_pack,"Dong bo NAP voi Google Business Profile"
BL-006,CHO_KIEM_TRA,2,local_map,Apple Business Connect,https://businessconnect.apple.com/,https://thongtaccongquangninh.com/lien-he/,lien he doi ky thuat,nap_pack,"Can dia chi xac minh; khong tu bia dia chi"
BL-007,CHO_DANG,2,social_entity,Facebook Page,https://www.facebook.com/,https://thongtaccongquangninh.com/,Moi Truong Do Thi So 1 Quang Ninh,profile_short,"Cap nhat website/hotline/services neu co quyen page"
BL-008,CHO_DANG,2,social_entity,Zalo OA,https://oa.zalo.me/,https://thongtaccongquangninh.com/lien-he/,hotline 0963.953.533,profile_short,"Citation va chuyen doi; khong coi la backlink SEO manh"
BL-009,CHO_DANG,2,social_entity,YouTube Channel,https://www.youtube.com/,https://thongtaccongquangninh.com/,thongtaccongquangninh.com,profile_short,"Mo ta kenh + link website; dung cho entity va video SEO"
BL-010,CHO_DANG,2,social_entity,LinkedIn Company Page,https://www.linkedin.com/company/,https://thongtaccongquangninh.com/gioi-thieu/,Moi Truong Do Thi So 1 Quang Ninh,profile_long,"Neu co brand page thi cap nhat About/Website"
BL-011,CHO_DANG,2,social_entity,Pinterest Business,https://www.pinterest.com/business/,https://thongtaccongquangninh.com/,thongtaccongquangninh.com,profile_short,"Dung cho anh SEO; moi pin link den bai dung dich vu"
BL-012,CHO_DANG,2,business_profile,Hoptackinhdoanh,https://hoptackinhdoanh.com/danh-ba-doanh-nghiep/quang-ninh,https://thongtaccongquangninh.com/,Moi Truong Do Thi So 1 Quang Ninh,profile_short,"Can kiem form dang ky va dieu khoan truoc khi dang"
BL-013,CHO_KIEM_TRA,3,business_profile,BaoGia Net,https://baogia.net/vi/dn/Quang-Ninh-moi-p225/,https://thongtaccongquangninh.com/gioi-thieu/,Moi Truong Do Thi So 1 Quang Ninh,profile_short,"Chi lam neu co ho so doanh nghiep hop le; tranh spam directory"
BL-014,CHO_KIEM_TRA,3,business_profile,DauThau Net,https://dauthau.net/vi/dn/Quang-Ninh-moi-p225/,https://thongtaccongquangninh.com/gioi-thieu/,Moi Truong Do Thi So 1 Quang Ninh,profile_short,"Phu hop neu doanh nghiep co thong tin dau thau/ho so nang luc"
BL-015,CHO_VIET,1,guest_post,Local PR Bai 1,,https://thongtaccongquangninh.com/thong-tac-cong-ha-long/,thong tac cong Ha Long,pr_topic_ha_long,"Chu de: dau hieu cong thoat nuoc gia dinh o Ha Long bi tac"
BL-016,CHO_VIET,1,guest_post,Local PR Bai 2,,https://thongtaccongquangninh.com/hut-be-phot-quang-ninh/,xe hut be phot vao ngo sau,pr_topic_hut_be_phot,"Chu de: xe hut be phot vao ngo sau tai Quang Ninh"
BL-017,CHO_VIET,2,guest_post,Local PR Bai 3,,https://thongtaccongquangninh.com/thong-tac-cong-nha-hang-ha-long/,xu ly tac cong nha hang Ha Long,pr_topic_nha_hang,"Chu de: nha hang Bai Chay tac ong bep cuoi tuan"
BL-018,CHO_VIET,2,guest_post,Local PR Bai 4,,https://thongtaccongquangninh.com/xu-ly-mui-hoi-quang-ninh/,xu ly mui hoi nha ve sinh,pr_topic_mui_hoi,"Chu de: mui hoi nha ve sinh chung cu Ha Long"
BL-019,CHO_VIET,2,guest_post,Local PR Bai 5,,https://thongtaccongquangninh.com/nao-vet-ho-ga-quang-ninh/,nao vet ho ga Quang Ninh,pr_topic_ho_ga,"Chu de: nao vet ho ga sau mua lon tai Cam Pha Uong Bi"
BL-020,CHO_AUDIT,1,risk_cleanup,Tai-ji forum,https://www.tai-ji.net/board/board_topic/4160148/8160918.htm,https://thongtaccongquangninh.com/,thongtaccongquangninh.com,cleanup,"Backlink hien co dang forum; can theo doi GSC, neu nhieu domain tuong tu thi xem xet go/disavow"
BL-021,CHO_AUDIT,1,risk_cleanup,Sunemall forum,https://www.sunemall.com/board/board_topic/8431232/8160832.htm,https://thongtaccongquangninh.com/,thongtaccongquangninh.com,cleanup,"Backlink hien co co loi ma tieng Viet; khong nhan rong"
BL-022,CHO_AUDIT,2,risk_cleanup,LeetCode profile,https://leetcode.com/u/halongxanh/,https://thongtaccongquangninh.com/,thongtaccongquangninh.com,cleanup,"Profile khong lien quan nganh; chi theo doi, khong tao them"
BL-023,DA_GUI_CHO_DUYET,1,business_directory,Mapstore,https://mapstore.vn/dang-ky-doanh-nghiep,https://thongtaccongquangninh.com/,Moi Truong Do Thi So 1 Quang Ninh,profile_long,"Da submit API 2026-05-08; registrationId cd611772-62c2-4eb3-95f2-e125e38de5f7; trackingToken jcZ8fj3JwGpskAmTbDuf_6c-jk-GVRgKeRF2U-ENzYM; dia chi 111 Cai Lan Bai Chay Ha Long Quang Ninh; cho duyet 2-3 ngay lam viec"
BL-024,TAI_KHOAN_DA_TAO_CAN_UPLOAD_ANH,3,forum_directory,MuabanVN,https://muabanvn.net/register/,https://thongtaccongquangninh.com/,thongtaccongquangninh.com,forum_profile,"Da tao tai khoan bang Google 2026-05-08; username MoiTruongDoThiQN; form Link Directory Business da dien title URL description nhung bi chan vi bat buoc upload it nhat 1 anh; chua co backlink live"
BL-025,BI_CHAN_CAPTCHA,3,forum,Gia Xay Dung,https://giaxaydung.vn/register/,https://thongtaccongquangninh.com/,thongtaccongquangninh.com,forum_profile,"Trang dang ky co cau hoi captcha va yeu cau thong tin ca nhan; khong submit tu dong"
BL-026,BI_CHAN_CAPTCHA,3,forum,Web Vat Gia,https://webvatgia.com/register/,https://thongtaccongquangninh.com/,thongtaccongquangninh.com,forum_profile,"Trang dang ky XenForo co cau hoi captcha; khong submit tu dong"
BL-027,BI_CHAN_CAPTCHA,3,forum,VietDesigner Forum,https://forum.vietdesigner.net/register/,https://thongtaccongquangninh.com/,thongtaccongquangninh.com,forum_profile,"Trang dang ky XenForo co cau hoi captcha; khong submit tu dong"
BL-028,BI_CHAN_CAPTCHA,3,forum,Dien Dan Viec Lam,https://diendanvieclam.com/register/,https://thongtaccongquangninh.com/,thongtaccongquangninh.com,forum_profile,"Trang dang ky XenForo co h-captcha; khong tu vuot captcha; backlink forum khong uu tien SEO"
